"Category"	"Dmelanogaster"	"Mouse"	"Cfamiliaris"	"Arabidopsis"	"Human"	"Scerevisiae"	"Ecoli"	"Tuberculosis"	"PhiX"	"Multiple Genomes"	"No hits"
"X1 HDAL III H_S73_L002_R1_001_BHCYNTDSX2_screen"	3016	424	354	215	403	95	0	0	0	4181	191478
"X1 HDAL III H_S73_L002_R2_001_BHCYNTDSX2_screen"	2986	505	371	192	367	123	0	0	0	6045	189577
"X1 HDAL III A_S74_L002_R1_001_BHCYNTDSX2_screen"	1812	376	281	315	311	135	0	0	0	3731	193059
"X1 HDAL III A_S74_L002_R2_001_BHCYNTDSX2_screen"	1747	522	384	294	353	133	0	0	0	7009	189578
"X3 HDAL III H_S75_L002_R1_001_BHCYNTDSX2_screen"	3978	589	399	204	514	99	1	0	0	5716	188848
"X3 HDAL III H_S75_L002_R2_001_BHCYNTDSX2_screen"	4046	656	413	192	495	101	1	0	0	9343	185101
"X3 HDAL III A_S1_L001_R1_001_BHCYNTDSX2_screen"	2549	438	360	285	362	158	2	0	0	4007	191850
"X3 HDAL III A_S1_L001_R2_001_BHCYNTDSX2_screen"	2767	541	436	260	287	164	1	0	0	6525	189030
"X4 HDAL III H_S2_L001_R1_001_BHCYNTDSX2_screen"	2054	434	342	314	392	119	1	0	0	3921	192866
"X4 HDAL III H_S2_L001_R2_001_BHCYNTDSX2_screen"	2229	584	483	276	316	146	0	2	0	7430	188977
"X4 HDAL III A_S76_L002_R1_001_BHCYNTDSX2_screen"	2834	494	399	263	483	82	1	0	0	3572	192056
"X4 HDAL III A_S76_L002_R2_001_BHCYNTDSX2_screen"	2767	585	436	221	430	93	1	0	0	6718	188933
"X18 HDAL III H_S77_L002_R1_001_BHCYNTDSX2_screen"	1848	412	273	303	301	118	0	0	0	2476	194632
"X18 HDAL III H_S77_L002_R2_001_BHCYNTDSX2_screen"	1888	447	396	274	308	98	0	0	0	5125	191827
"X1 HDAL V H_S78_L002_R1_001_BHCYNTDSX2_screen"	1984	436	311	336	388	102	3	0	0	3165	193421
"X1 HDAL V H_S78_L002_R2_001_BHCYNTDSX2_screen"	2098	564	372	365	460	121	1	0	0	5767	190398
"X1 HDAL V A_S79_L002_R1_001_BHCYNTDSX2_screen"	1046	250	170	225	230	97	3	1	0	1788	195662
"X1 HDAL V A_S79_L002_R2_001_BHCYNTDSX2_screen"	1030	301	227	231	231	99	6	1	0	4238	193108
"X3 HDAL V H_S80_L002_R1_001_BHCYNTDSX2_screen"	1922	361	241	245	320	83	0	0	0	2781	194467
"X3 HDAL V H_S80_L002_R2_001_BHCYNTDSX2_screen"	1887	450	352	221	339	95	0	0	0	5375	191701
"X3 HDAL V A_S81_L002_R1_001_BHCYNTDSX2_screen"	1190	285	188	261	242	90	0	0	0	2931	195065
"X3 HDAL V A_S81_L002_R2_001_BHCYNTDSX2_screen"	1220	459	428	230	290	131	0	0	0	8797	188697
"X4 HDAL V H_S82_L002_R1_001_BHCYNTDSX2_screen"	1907	325	285	298	341	131	0	0	0	2775	193987
"X4 HDAL V H_S82_L002_R2_001_BHCYNTDSX2_screen"	1951	464	375	275	325	109	0	0	0	5524	191026
"X4 HDAL V A_S83_L002_R1_001_BHCYNTDSX2_screen"	1071	214	196	184	264	107	0	0	0	2200	195547
"X4 HDAL V A_S83_L002_R2_001_BHCYNTDSX2_screen"	1116	315	235	178	208	107	0	1	0	3514	194109
"X18 HDAL V H_S84_L002_R1_001_BHCYNTDSX2_screen"	2692	393	328	219	325	113	0	0	0	3627	192210
"X18 HDAL V H_S84_L002_R2_001_BHCYNTDSX2_screen"	2759	456	357	228	352	103	0	0	0	5081	190571
"X18 HDAL V A_S85_L002_R1_001_BHCYNTDSX2_screen"	1293	285	236	185	248	91	0	1	0	2143	195605
"X18 HDAL V A_S85_L002_R2_001_BHCYNTDSX2_screen"	1329	328	299	158	236	90	1	0	0	4042	193604
"X1 HDLI III H_S86_L002_R1_001_BHCYNTDSX2_screen"	1673	393	300	365	298	121	0	0	0	2651	194220
"X1 HDLI III H_S86_L002_R2_001_BHCYNTDSX2_screen"	1825	551	471	341	344	120	0	0	0	6530	189839
"X1 HDLI III A_S87_L002_R1_001_BHCYNTDSX2_screen"	2429	508	324	369	343	116	16	0	0	3933	191889
"X1 HDLI III A_S87_L002_R2_001_BHCYNTDSX2_screen"	2630	555	379	326	359	121	22	1	0	6084	189450
"X3 HDLI III H_S88_L002_R1_001_BHCYNTDSX2_screen"	1599	338	249	294	217	140	0	4	0	3725	193005
"X3 HDLI III H_S88_L002_R2_001_BHCYNTDSX2_screen"	1517	491	464	265	261	129	1	5	0	9660	186778
"X3 HDLI III A_S89_L002_R1_001_BHCYNTDSX2_screen"	3503	510	349	249	395	111	0	0	0	4761	190073
"X3 HDLI III A_S89_L002_R2_001_BHCYNTDSX2_screen"	3709	576	446	242	395	114	0	1	0	7254	187214
"X4 HDLI III H_S3_L001_R1_001_BHCYNTDSX2_screen"	2602	437	364	252	377	97	1	0	0	3731	192147
"X4 HDLI III H_S3_L001_R2_001_BHCYNTDSX2_screen"	3132	586	408	200	322	151	2	0	0	5360	189847
"X4 HDLI III A_S4_L001_R1_001_BHCYNTDSX2_screen"	2302	445	357	238	397	125	1	0	0	4590	191409
"X4 HDLI III A_S4_L001_R2_001_BHCYNTDSX2_screen"	2569	551	388	235	323	139	0	0	0	6588	189071
"X18 HDLI III H_S5_L001_R1_001_BHCYNTDSX2_screen"	2004	430	400	344	350	167	1	0	0	3660	192524
"X18 HDLI III H_S5_L001_R2_001_BHCYNTDSX2_screen"	2509	516	491	318	311	163	1	0	0	5566	190005
"X18 HDLI III A_S6_L001_R1_001_BHCYNTDSX2_screen"	2002	413	297	297	313	101	0	0	0	3497	193634
"X18 HDLI III A_S6_L001_R2_001_BHCYNTDSX2_screen"	2319	500	362	266	258	135	0	0	0	4865	191849
"X1 HDLI V H_S90_L002_R1_001_BHCYNTDSX2_screen"	2364	385	253	196	318	92	0	0	0	2860	193134
"X1 HDLI V H_S90_L002_R2_001_BHCYNTDSX2_screen"	2842	498	383	187	284	91	0	0	0	5795	189522
"X1 HDLI V A_S91_L002_R1_001_BHCYNTDSX2_screen"	1218	288	213	203	268	92	1	1	0	3444	194531
"X1 HDLI V A_S91_L002_R2_001_BHCYNTDSX2_screen"	1312	401	256	190	203	117	1	2	0	4447	193330
"X3 HDLI V H_S7_L001_R1_001_BHCYNTDSX2_screen"	2199	352	208	223	237	94	1	0	0	2784	193833
"X3 HDLI V H_S7_L001_R2_001_BHCYNTDSX2_screen"	2847	456	364	226	195	115	1	0	0	4573	191154
"X3 HDLI V A_S8_L001_R1_001_BHCYNTDSX2_screen"	1936	330	254	148	245	111	4	4	0	4257	192954
"X3 HDLI V A_S8_L001_R2_001_BHCYNTDSX2_screen"	2247	450	335	134	251	110	4	2	0	6740	189970
"X4 HDLI V H_S9_L001_R1_001_BHCYNTDSX2_screen"	2651	387	290	224	332	91	2	0	0	3318	193107
"X4 HDLI V H_S9_L001_R2_001_BHCYNTDSX2_screen"	3573	505	394	214	261	125	2	0	0	4866	190462
"X4 HDLI V A_S10_L001_R1_001_BHCYNTDSX2_screen"	1450	257	196	204	222	138	4	0	0	4020	193208
"X4 HDLI V A_S10_L001_R2_001_BHCYNTDSX2_screen"	1650	369	294	232	180	127	5	0	0	6010	190832
"X18 HDLI V H_S92_L002_R1_001_BHCYNTDSX2_screen"	3089	439	339	211	351	85	2	0	0	3557	192225
"X18 HDLI V H_S92_L002_R2_001_BHCYNTDSX2_screen"	3776	548	388	194	306	104	3	0	0	4656	190323
"X18 HDLI V A_S11_L001_R1_001_BHCYNTDSX2_screen"	1331	285	152	193	203	116	3	0	0	3372	194850
"X18 HDLI V A_S11_L001_R2_001_BHCYNTDSX2_screen"	1391	382	315	175	175	115	2	1	0	6166	191783
"X1 LDAL III H_S93_L002_R1_001_BHCYNTDSX2_screen"	1875	405	322	344	275	131	2	0	0	2887	193773
"X1 LDAL III H_S93_L002_R2_001_BHCYNTDSX2_screen"	2292	509	434	317	272	108	2	0	0	4787	191293
"X1 LDAL III A_S94_L002_R1_001_BHCYNTDSX2_screen"	2136	451	289	247	326	117	2	3	0	4446	192407
"X1 LDAL III A_S94_L002_R2_001_BHCYNTDSX2_screen"	2402	560	411	238	329	131	2	1	0	7551	188799
"X3 LDAL III H_S12_L001_R1_001_BHCYNTDSX2_screen"	1206	257	169	244	173	139	3	0	0	5464	192715
"X3 LDAL III H_S12_L001_R2_001_BHCYNTDSX2_screen"	1215	442	298	274	203	222	3	1	0	7421	190291
"X3 LDAL III A_S13_L001_R1_001_BHCYNTDSX2_screen"	2356	419	347	277	314	141	5	1	0	4377	191185
"X3 LDAL III A_S13_L001_R2_001_BHCYNTDSX2_screen"	2823	572	369	219	281	155	1	1	0	5610	189391
"X4 LDAL III H_S14_L001_R1_001_BHCYNTDSX2_screen"	1716	424	321	368	305	124	0	0	0	2987	193899
"X4 LDAL III H_S14_L001_R2_001_BHCYNTDSX2_screen"	2034	522	423	287	302	142	0	0	0	5097	191337
"X4 LDAL III A_S95_L002_R1_001_BHCYNTDSX2_screen"	1876	410	284	328	282	118	5	1	0	3428	193007
"X4 LDAL III A_S95_L002_R2_001_BHCYNTDSX2_screen"	2201	510	409	290	283	148	5	0	0	5482	190411
"X18 LDAL III H_S96_L002_R1_001_BHCYNTDSX2_screen"	2710	434	335	214	346	95	1	3	0	3574	191545
"X18 LDAL III H_S96_L002_R2_001_BHCYNTDSX2_screen"	2817	516	413	233	333	97	1	2	0	5472	189373
"X18 LDAL III A_S97_L002_R1_001_BHCYNTDSX2_screen"	2168	429	300	237	271	108	0	0	0	4069	192986
"X18 LDAL III A_S97_L002_R2_001_BHCYNTDSX2_screen"	2597	529	423	259	256	153	0	0	0	5812	190539
"X1 LDAL V H_S98_L002_R1_001_BHCYNTDSX2_screen"	3055	465	348	191	394	68	2	0	0	3900	191629
"X1 LDAL V H_S98_L002_R2_001_BHCYNTDSX2_screen"	3318	543	396	154	355	83	1	0	0	6313	188889
"X1 LDAL V A_S99_L002_R1_001_BHCYNTDSX2_screen"	2097	454	306	230	321	138	1	0	1	4326	191953
"X1 LDAL V A_S99_L002_R2_001_BHCYNTDSX2_screen"	2405	532	386	217	300	147	2	0	1	5622	190215
"X3 LDAL V H_S100_L002_R1_001_BHCYNTDSX2_screen"	1785	306	235	199	307	108	2	1	0	2994	194637
"X3 LDAL V H_S100_L002_R2_001_BHCYNTDSX2_screen"	2030	414	313	186	234	125	3	0	0	4819	192450
"X3 LDAL V A_S15_L001_R1_001_BHCYNTDSX2_screen"	1630	301	194	182	260	85	0	0	0	4130	193257
"X3 LDAL V A_S15_L001_R2_001_BHCYNTDSX2_screen"	1739	403	274	188	247	120	2	0	0	6269	190797
"X4 LDAL V H_S101_L002_R1_001_BHCYNTDSX2_screen"	2504	387	272	196	253	83	3	0	0	3171	192801
"X4 LDAL V H_S101_L002_R2_001_BHCYNTDSX2_screen"	3052	482	369	166	248	120	3	0	0	5065	190165
"X4 LDAL V A_S102_L002_R1_001_BHCYNTDSX2_screen"	1196	317	216	172	228	101	3	0	0	3706	194014
"X4 LDAL V A_S102_L002_R2_001_BHCYNTDSX2_screen"	1319	425	241	131	196	126	3	0	0	4718	192794
"X18 LDAL V H_S103_L002_R1_001_BHCYNTDSX2_screen"	1155	256	212	461	195	154	2	0	0	2154	195791
"X18 LDAL V H_S103_L002_R2_001_BHCYNTDSX2_screen"	1384	382	374	357	217	137	2	0	0	5624	191903
"X18 LDAL V A_S104_L002_R1_001_BHCYNTDSX2_screen"	1239	352	265	433	234	193	7	0	0	5913	191258
"X18 LDAL V A_S104_L002_R2_001_BHCYNTDSX2_screen"	1490	556	490	367	217	220	5	0	0	10288	186261
"3 AL ADF H_S105_L002_R1_001_BHCYNTDSX2_screen"	914	164	121	213	153	61	0	0	0	1134	197239
"3 AL ADF H_S105_L002_R2_001_BHCYNTDSX2_screen"	1165	224	200	192	119	71	1	1	0	1967	196059
"3 AL ADF A_S106_L002_R1_001_BHCYNTDSX2_screen"	661	177	160	264	148	88	5	0	0	2261	196405
"3 AL ADF A_S106_L002_R2_001_BHCYNTDSX2_screen"	849	312	275	234	171	100	7	0	0	4438	193783
"7 AL ADF H_S107_L002_R1_001_BHCYNTDSX2_screen"	1233	171	135	219	134	60	1	1	0	1979	195683
"7 AL ADF H_S107_L002_R2_001_BHCYNTDSX2_screen"	1543	334	268	186	135	106	2	1	0	4312	192729
"7 AL ADF A_S16_L001_R1_001_BHCYNTDSX2_screen"	1131	244	228	375	187	139	6	1	0	2723	195510
"7 AL ADF A_S16_L001_R2_001_BHCYNTDSX2_screen"	1408	311	366	351	191	140	3	1	0	4309	193464
"9 AL ADF H_S108_L002_R1_001_BHCYNTDSX2_screen"	967	195	105	198	146	56	1	1	0	1534	196957
"9 AL ADF H_S108_L002_R2_001_BHCYNTDSX2_screen"	1240	290	218	141	127	84	0	2	0	3263	194795
"9 AL ADF A_S109_L002_R1_001_BHCYNTDSX2_screen"	783	259	183	310	201	131	2	0	0	2369	195639
"9 AL ADF A_S109_L002_R2_001_BHCYNTDSX2_screen"	910	347	309	260	216	131	2	0	0	3782	193920
"11 AL ADF H_S110_L002_R1_001_BHCYNTDSX2_screen"	1042	198	146	172	143	72	1	0	0	1730	196680
"11 AL ADF H_S110_L002_R2_001_BHCYNTDSX2_screen"	1403	333	266	192	138	63	1	0	0	4251	193537
"11 AL ADF A_S111_L002_R1_001_BHCYNTDSX2_screen"	699	213	183	313	187	122	16	0	0	2265	195891
"11 AL ADF A_S111_L002_R2_001_BHCYNTDSX2_screen"	739	321	314	268	172	131	12	2	0	4718	193212
"19 AL ADF A_S17_L001_R1_001_BHCYNTDSX2_screen"	804	184	174	232	148	97	12	1	0	1859	195976
"19 AL ADF A_S17_L001_R2_001_BHCYNTDSX2_screen"	1044	269	299	213	141	94	10	1	0	3814	193602
"8 LI ADF H_S112_L002_R1_001_BHCYNTDSX2_screen"	1061	223	141	218	168	58	1	0	0	1968	196049
"8 LI ADF H_S112_L002_R2_001_BHCYNTDSX2_screen"	1296	384	267	187	158	107	1	1	0	6135	191351
"8 LI ADF A_S113_L002_R1_001_BHCYNTDSX2_screen"	819	227	276	241	216	130	1	0	0	1710	196359
"8 LI ADF A_S113_L002_R2_001_BHCYNTDSX2_screen"	889	273	355	209	199	106	2	0	0	3287	194659
"10 LI ADF H_S114_L002_R1_001_BHCYNTDSX2_screen"	932	148	101	180	128	71	2	0	0	1560	196943
"10 LI ADF H_S114_L002_R2_001_BHCYNTDSX2_screen"	1250	337	257	175	103	66	2	1	0	3771	194103
"10 LI ADF A_S115_L002_R1_001_BHCYNTDSX2_screen"	715	196	152	251	151	88	1	0	0	1629	196957
"10 LI ADF A_S115_L002_R2_001_BHCYNTDSX2_screen"	803	270	243	254	148	86	1	0	0	4240	194095
"12 LI ADF H_S116_L002_R1_001_BHCYNTDSX2_screen"	948	171	114	214	132	64	3	0	0	1318	197301
"12 LI ADF H_S116_L002_R2_001_BHCYNTDSX2_screen"	1200	260	222	172	119	70	2	0	0	2582	195638
"12 LI ADF A_S117_L002_R1_001_BHCYNTDSX2_screen"	935	226	192	332	185	157	2	0	0	1929	195922
"12 LI ADF A_S117_L002_R2_001_BHCYNTDSX2_screen"	1066	351	282	315	183	133	3	0	0	3364	194183
"14 LI ADF H_S118_L002_R1_001_BHCYNTDSX2_screen"	868	165	139	186	100	65	0	0	0	1478	197045
"14 LI ADF H_S118_L002_R2_001_BHCYNTDSX2_screen"	1151	262	233	184	106	80	0	0	0	2866	195164
"14 LI ADF A_S18_L001_R1_001_BHCYNTDSX2_screen"	723	188	166	255	162	94	3	0	0	2093	196482
"14 LI ADF A_S18_L001_R2_001_BHCYNTDSX2_screen"	853	270	240	222	156	108	3	0	0	3073	195241
"16 LI ADF H_S119_L002_R1_001_BHCYNTDSX2_screen"	1700	238	195	207	174	76	74	1	0	1924	195768
"16 LI ADF H_S119_L002_R2_001_BHCYNTDSX2_screen"	2205	401	332	210	180	78	76	1	0	4632	192242
"16 LI ADF A_S120_L002_R1_001_BHCYNTDSX2_screen"	1369	215	218	263	169	111	8	0	0	1153	196800
"16 LI ADF A_S120_L002_R2_001_BHCYNTDSX2_screen"	1816	370	356	262	162	103	11	0	0	3310	193916
"X4 HDLI ADM H_S121_L002_R1_001_BHCYNTDSX2_screen"	1411	246	226	184	193	51	1	0	0	1821	195520
"X4 HDLI ADM H_S121_L002_R2_001_BHCYNTDSX2_screen"	1754	351	318	171	170	59	1	0	0	3605	193224
"X4 HDLI ADM A_S122_L002_R1_001_BHCYNTDSX2_screen"	1240	309	263	371	205	131	1	0	0	2471	194614
"X4 HDLI ADM A_S122_L002_R2_001_BHCYNTDSX2_screen"	1510	355	392	333	179	145	1	0	0	4690	192000
"X18 HDLI ADM H_S19_L001_R1_001_BHCYNTDSX2_screen"	1333	227	182	161	176	52	0	0	0	1678	196664
"X18 HDLI ADM H_S19_L001_R2_001_BHCYNTDSX2_screen"	1541	337	325	176	177	62	0	0	0	4980	192875
"X18 HDLI ADM A_S20_L001_R1_001_BHCYNTDSX2_screen"	1115	372	292	516	271	224	4	2	1	5464	192231
"X18 HDLI ADM A_S20_L001_R2_001_BHCYNTDSX2_screen"	1478	552	459	467	248	260	3	2	0	8040	188983
"X3 HDLI ADF H_S21_L001_R1_001_BHCYNTDSX2_screen"	1215	226	144	196	171	78	0	0	0	1925	195748
"X3 HDLI ADF H_S21_L001_R2_001_BHCYNTDSX2_screen"	1610	364	259	156	166	78	1	0	0	3777	193292
"X18 HDLI ADF H_S23_L001_R1_001_BHCYNTDSX2_screen"	1152	200	170	194	189	76	1	0	0	2178	195797
"X18 HDLI ADF H_S23_L001_R2_001_BHCYNTDSX2_screen"	1468	308	255	199	173	98	1	0	0	4137	193318
"X18 HDLI ADF A_S123_L002_R1_001_BHCYNTDSX2_screen"	1378	314	241	454	223	159	3	1	0	3116	193727
"X18 HDLI ADF A_S123_L002_R2_001_BHCYNTDSX2_screen"	1631	467	392	407	199	175	3	0	0	6108	190234
"X1 HDAL PMA H_S124_L002_R1_001_BHCYNTDSX2_screen"	1081	387	266	411	220	152	7	18	0	4807	192328
"X1 HDAL PMA H_S124_L002_R2_001_BHCYNTDSX2_screen"	1769	566	424	372	225	178	6	24	0	7479	188634
"X1 HDAL PMA A_S125_L002_R1_001_BHCYNTDSX2_screen"	3922	708	417	423	286	331	14	2	1	11212	183327
"X1 HDAL PMA A_S125_L002_R2_001_BHCYNTDSX2_screen"	7085	855	834	377	278	323	15	1	0	16296	174579
"X1 HDAL PMB H_S126_L002_R1_001_BHCYNTDSX2_screen"	851	319	182	329	237	119	1	0	0	2606	195491
"X1 HDAL PMB H_S126_L002_R2_001_BHCYNTDSX2_screen"	995	412	328	270	216	108	1	0	0	5456	192349
"X1 HDAL PMB A_S127_L002_R1_001_BHCYNTDSX2_screen"	1060	332	243	376	190	209	17	0	0	4326	193027
"X1 HDAL PMB A_S127_L002_R2_001_BHCYNTDSX2_screen"	1247	484	441	315	228	173	16	0	0	8584	188292
"X3 HDAL PM H_S128_L002_R1_001_BHCYNTDSX2_screen"	660	235	174	369	158	151	1	1	0	3359	195171
"X3 HDAL PM H_S128_L002_R2_001_BHCYNTDSX2_screen"	733	394	317	326	167	161	1	0	0	5192	192988
"X3 HDAL PM A_S129_L002_R1_001_BHCYNTDSX2_screen"	997	320	199	438	211	213	11	4	0	6121	191801
"X3 HDAL PM A_S129_L002_R2_001_BHCYNTDSX2_screen"	1633	523	489	392	238	227	11	2	0	9666	187134
"X18 HDAL PM H_S130_L002_R1_001_BHCYNTDSX2_screen"	817	330	188	317	193	104	3	0	0	2792	195398
"X18 HDAL PM H_S130_L002_R2_001_BHCYNTDSX2_screen"	914	406	302	241	205	131	5	2	0	5340	192596
"X18 HDAL PM A_S131_L002_R1_001_BHCYNTDSX2_screen"	1217	283	181	258	138	127	5	1	0	3692	194159
"X18 HDAL PM A_S131_L002_R2_001_BHCYNTDSX2_screen"	2220	421	318	256	152	155	7	3	0	5471	191058
"X1 HDAL PF H_S132_L002_R1_001_BHCYNTDSX2_screen"	696	296	215	301	236	117	1	2	0	2473	195513
"X1 HDAL PF H_S132_L002_R2_001_BHCYNTDSX2_screen"	871	398	323	279	211	108	2	1	0	4023	193634
"X1 HDAL PF A_S133_L002_R1_001_BHCYNTDSX2_screen"	998	329	197	368	166	164	1	1	0	4144	193238
"X1 HDAL PF A_S133_L002_R2_001_BHCYNTDSX2_screen"	1423	454	425	300	187	155	3	1	0	8829	187829
"X3 HDAL PF H_S134_L002_R1_001_BHCYNTDSX2_screen"	928	318	215	292	234	101	4	0	0	2583	195102
"X3 HDAL PF H_S134_L002_R2_001_BHCYNTDSX2_screen"	1180	399	264	258	202	96	6	0	0	3749	193623
"X3 HDAL PF A_S135_L002_R1_001_BHCYNTDSX2_screen"	1246	331	210	356	163	172	2	0	0	4858	192606
"X3 HDAL PF A_S135_L002_R2_001_BHCYNTDSX2_screen"	1889	502	345	333	166	174	2	2	0	6505	190026
"X4 HDAL PF H_S136_L002_R1_001_BHCYNTDSX2_screen"	663	293	140	323	212	110	9	1	0	2255	196249
"X4 HDAL PF H_S136_L002_R2_001_BHCYNTDSX2_screen"	757	335	251	249	180	117	9	1	0	3609	194747
"X4 HDAL PF A_S137_L002_R1_001_BHCYNTDSX2_screen"	695	215	162	286	145	107	20	0	0	2952	195492
"X4 HDAL PF A_S137_L002_R2_001_BHCYNTDSX2_screen"	958	334	274	241	136	118	18	1	0	4383	193611
"X18 HDAL PF H_S138_L002_R1_001_BHCYNTDSX2_screen"	523	248	140	295	143	154	8	2	0	4850	193101
"X18 HDAL PF H_S138_L002_R2_001_BHCYNTDSX2_screen"	628	423	306	306	183	203	7	2	0	6659	190747
"X18 HDAL PF A_S139_L002_R1_001_BHCYNTDSX2_screen"	986	275	197	421	138	140	7	0	0	3897	193965
"X18 HDAL PF A_S139_L002_R2_001_BHCYNTDSX2_screen"	1500	344	301	376	136	188	3	0	0	6114	191064
"X1 HDLI PM H_S140_L002_R1_001_BHCYNTDSX2_screen"	716	316	197	367	231	103	3	1	1	2714	195724
"X1 HDLI PM H_S140_L002_R2_001_BHCYNTDSX2_screen"	871	359	273	303	204	117	2	0	0	4103	194141
"X1 HDLI PM A_S141_L002_R1_001_BHCYNTDSX2_screen"	989	298	208	345	166	139	4	1	0	4041	194146
"X1 HDLI PM A_S141_L002_R2_001_BHCYNTDSX2_screen"	1540	414	345	323	143	155	5	1	0	5889	191522
"X3 HDLI PM H_S142_L002_R1_001_BHCYNTDSX2_screen"	681	330	187	317	191	145	1	0	0	3227	194854
"X3 HDLI PM H_S142_L002_R2_001_BHCYNTDSX2_screen"	771	390	290	287	192	139	1	0	0	4248	193615
"X3 HDLI PM A_S143_L002_R1_001_BHCYNTDSX2_screen"	1146	329	244	388	205	163	5	0	0	4496	192888
"X3 HDLI PM A_S143_L002_R2_001_BHCYNTDSX2_screen"	1570	458	369	324	188	186	5	0	0	7034	189730
"X4 HDLI PM H_S144_L002_R1_001_BHCYNTDSX2_screen"	574	254	181	425	180	147	1	0	0	3967	193862
"X4 HDLI PM H_S144_L002_R2_001_BHCYNTDSX2_screen"	654	480	364	388	179	183	1	1	0	7251	190090
"X4 HDLI PM A_S145_L002_R1_001_BHCYNTDSX2_screen"	638	263	209	459	222	163	0	0	0	3801	194058
"X4 HDLI PM A_S145_L002_R2_001_BHCYNTDSX2_screen"	891	408	447	424	291	147	0	0	0	8442	188763
"X18 HDLI PM H_S24_L001_R1_001_BHCYNTDSX2_screen"	465	250	199	324	151	174	0	1	0	3909	194983
"X18 HDLI PM H_S24_L001_R2_001_BHCYNTDSX2_screen"	493	601	395	293	201	157	0	0	0	9046	189270
"X18 HDLI PM A_S25_L001_R1_001_BHCYNTDSX2_screen"	507	202	160	410	150	129	1	0	0	2006	196713
"X18 HDLI PM A_S25_L001_R2_001_BHCYNTDSX2_screen"	621	315	350	333	191	116	1	0	0	6345	192006
"X1 HDLI PF A_S26_L001_R1_001_BHCYNTDSX2_screen"	940	319	216	411	194	170	1	1	0	3691	194141
"X1 HDLI PF A_S26_L001_R2_001_BHCYNTDSX2_screen"	1191	455	507	357	211	154	1	0	0	8609	188599
"X3 HDLI PF H_S27_L001_R1_001_BHCYNTDSX2_screen"	661	292	179	266	174	93	1	0	0	2339	196223
"X3 HDLI PF H_S27_L001_R2_001_BHCYNTDSX2_screen"	763	355	302	290	208	91	1	0	0	4358	193860
"X3 HDLI PF A_S28_L001_R1_001_BHCYNTDSX2_screen"	717	234	180	276	177	127	0	0	0	2289	195983
"X3 HDLI PF A_S28_L001_R2_001_BHCYNTDSX2_screen"	824	392	442	292	200	124	0	0	0	7486	190223
"X4 HDLI PF H_S29_L001_R1_001_BHCYNTDSX2_screen"	611	273	157	305	200	92	1	0	0	2467	196167
"X4 HDLI PF H_S29_L001_R2_001_BHCYNTDSX2_screen"	736	400	365	268	278	96	0	0	0	6069	192061
"X4 HDLI PF A_S30_L001_R1_001_BHCYNTDSX2_screen"	582	327	212	285	159	143	0	0	0	4449	193736
"X4 HDLI PF A_S30_L001_R2_001_BHCYNTDSX2_screen"	685	479	399	289	162	142	0	0	0	6360	191377
"X18 HDLI PF H_S31_L001_R1_001_BHCYNTDSX2_screen"	615	249	229	444	187	153	0	0	0	2533	196021
"X18 HDLI PF H_S31_L001_R2_001_BHCYNTDSX2_screen"	570	380	387	417	239	143	0	0	0	5621	192674
"X18 HDLI PF A_S32_L001_R1_001_BHCYNTDSX2_screen"	597	221	214	486	190	159	1	0	0	2213	195953
"X18 HDLI PF A_S32_L001_R2_001_BHCYNTDSX2_screen"	608	375	423	455	230	153	1	0	0	7457	190332
"X1 LDAL PM H_S33_L001_R1_001_BHCYNTDSX2_screen"	567	294	153	360	159	128	2	2	0	2535	195758
"X1 LDAL PM H_S33_L001_R2_001_BHCYNTDSX2_screen"	590	438	319	340	215	109	2	1	0	5145	192799
"X1 LDAL PM A_S34_L001_R1_001_BHCYNTDSX2_screen"	639	219	170	344	151	121	1	0	0	2932	195269
"X1 LDAL PM A_S34_L001_R2_001_BHCYNTDSX2_screen"	853	345	295	328	146	126	1	0	0	5041	192711
"X3 LDAL PM H_S35_L001_R1_001_BHCYNTDSX2_screen"	591	229	143	280	166	107	2	0	0	2485	196111
"X3 LDAL PM H_S35_L001_R2_001_BHCYNTDSX2_screen"	853	317	268	236	181	117	2	1	0	4149	193990
"X3 LDAL PM A_S36_L001_R1_001_BHCYNTDSX2_screen"	650	266	187	352	180	136	0	0	0	2684	195289
"X3 LDAL PM A_S36_L001_R2_001_BHCYNTDSX2_screen"	815	378	292	302	177	121	0	0	0	5486	192173
"X4 LDAL PM H_S37_L001_R1_001_BHCYNTDSX2_screen"	651	269	171	324	254	79	2	0	0	1944	195963
"X4 LDAL PM H_S37_L001_R2_001_BHCYNTDSX2_screen"	770	383	315	227	233	89	2	0	0	5449	192189
"X18 LDAL PM H_S39_L001_R1_001_BHCYNTDSX2_screen"	738	360	190	391	244	131	0	0	0	2433	195809
"X18 LDAL PM H_S39_L001_R2_001_BHCYNTDSX2_screen"	742	429	345	336	237	98	0	0	0	4744	193365
"X18 LDAL PM A_S40_L001_R1_001_BHCYNTDSX2_screen"	696	312	192	359	190	128	0	0	0	2426	195807
"X18 LDAL PM A_S40_L001_R2_001_BHCYNTDSX2_screen"	717	399	390	283	213	118	0	0	0	7566	190424
"X1 LDAL PF H_S41_L001_R1_001_BHCYNTDSX2_screen"	690	331	177	370	200	121	0	0	1	2591	195546
"X1 LDAL PF H_S41_L001_R2_001_BHCYNTDSX2_screen"	719	425	383	325	254	103	1	0	0	5992	191825
"X1 LDAL PF A_S42_L001_R1_001_BHCYNTDSX2_screen"	554	364	230	443	162	186	1	2	0	5804	192396
"X1 LDAL PF A_S42_L001_R2_001_BHCYNTDSX2_screen"	683	453	334	434	181	178	0	1	0	7423	190455
"X3 LDAL PF H_S43_L001_R1_001_BHCYNTDSX2_screen"	708	313	171	329	195	130	3	0	0	3280	195219
"X3 LDAL PF H_S43_L001_R2_001_BHCYNTDSX2_screen"	941	426	320	277	153	138	3	0	0	4434	193656
"X3 LDAL PF A_S44_L001_R1_001_BHCYNTDSX2_screen"	1068	296	196	243	188	122	1	0	0	4559	193106
"X3 LDAL PF A_S44_L001_R2_001_BHCYNTDSX2_screen"	1617	532	402	256	193	141	2	0	0	6007	190629
"X4 LDAL PF H_S45_L001_R1_001_BHCYNTDSX2_screen"	546	298	188	301	177	171	3	1	0	4453	193775
"X4 LDAL PF H_S45_L001_R2_001_BHCYNTDSX2_screen"	652	447	353	320	174	204	2	0	0	6725	191036
"X4 LDAL PF A_S46_L001_R1_001_BHCYNTDSX2_screen"	470	267	205	383	188	152	0	0	0	4167	193866
"X4 LDAL PF A_S46_L001_R2_001_BHCYNTDSX2_screen"	560	455	346	383	168	154	0	0	0	5803	191829
"X18 LDAL PF H_S47_L001_R1_001_BHCYNTDSX2_screen"	465	230	115	299	113	57	0	1	0	1739	196883
"X18 LDAL PF H_S47_L001_R2_001_BHCYNTDSX2_screen"	517	291	290	258	198	51	0	1	0	3692	194604
"X18 LDAL PF A_S48_L001_R1_001_BHCYNTDSX2_screen"	517	243	132	431	205	124	0	0	0	2447	195851
"X18 LDAL PF A_S48_L001_R2_001_BHCYNTDSX2_screen"	609	348	266	391	201	125	0	0	0	5479	192531
"X1 HDAL ADM H_S49_L001_R1_001_BHCYNTDSX2_screen"	1153	292	166	135	124	28	0	0	0	1224	196989
"X1 HDAL ADM H_S49_L001_R2_001_BHCYNTDSX2_screen"	1423	285	504	132	191	13	0	0	0	3636	193927
"X1 HDAL ADM A_S50_L001_R1_001_BHCYNTDSX2_screen"	714	246	191	442	175	193	0	0	0	3884	194321
"X1 HDAL ADM A_S50_L001_R2_001_BHCYNTDSX2_screen"	876	381	271	398	173	174	0	0	0	4633	193260
"X18 HDAL ADM H_S51_L001_R1_001_BHCYNTDSX2_screen"	1467	252	184	176	169	56	1	0	0	2364	195690
"X18 HDAL ADM H_S51_L001_R2_001_BHCYNTDSX2_screen"	2006	350	374	166	173	78	1	0	0	5889	191322
"X18 HDAL ADM A_S52_L001_R1_001_BHCYNTDSX2_screen"	925	264	238	240	207	108	2	0	0	4207	193510
"X18 HDAL ADM A_S52_L001_R2_001_BHCYNTDSX2_screen"	1433	522	400	274	186	112	2	0	0	5798	190974
"X1 HDAL ADF H_S53_L001_R1_001_BHCYNTDSX2_screen"	1022	237	155	187	150	72	1	0	0	2543	195946
"X1 HDAL ADF H_S53_L001_R2_001_BHCYNTDSX2_screen"	1452	373	246	198	138	112	1	0	0	3290	194503
"X1 HDAL ADF A_S54_L001_R1_001_BHCYNTDSX2_screen"	917	648	359	584	355	431	8	0	0	15049	181766
"X1 HDAL ADF A_S54_L001_R2_001_BHCYNTDSX2_screen"	1131	1597	672	628	299	417	6	0	0	18324	177043
"X3 HDAL ADF H_S55_L001_R1_001_BHCYNTDSX2_screen"	952	257	126	155	119	39	0	0	0	1233	197150
"X3 HDAL ADF H_S55_L001_R2_001_BHCYNTDSX2_screen"	995	272	400	161	174	33	0	0	0	4066	193930
"X3 HDAL ADF A_S56_L001_R1_001_BHCYNTDSX2_screen"	910	242	213	414	221	140	0	0	0	2005	196080
"X3 HDAL ADF A_S56_L001_R2_001_BHCYNTDSX2_screen"	908	378	372	364	265	126	0	1	0	5836	191975
"X18 HDAL ADF H_S57_L001_R1_001_BHCYNTDSX2_screen"	853	231	137	138	114	39	0	0	0	1028	197420
"X18 HDAL ADF H_S57_L001_R2_001_BHCYNTDSX2_screen"	1008	220	473	145	104	17	0	0	0	2533	195460
"X18 HDAL ADF A_S58_L001_R1_001_BHCYNTDSX2_screen"	924	316	310	424	215	192	2	0	0	3807	193482
"X18 HDAL ADF A_S58_L001_R2_001_BHCYNTDSX2_screen"	1172	440	401	375	223	169	0	0	0	5247	191645
"X1 LDAL ADM H_S59_L001_R1_001_BHCYNTDSX2_screen"	1171	235	172	197	145	67	0	0	0	2268	195504
"X1 LDAL ADM H_S59_L001_R2_001_BHCYNTDSX2_screen"	1507	366	284	163	188	96	0	0	0	4748	192407
"X1 LDAL ADM A_S60_L001_R1_001_BHCYNTDSX2_screen"	766	889	459	481	432	477	15	2	0	22101	173770
"X1 LDAL ADM A_S60_L001_R2_001_BHCYNTDSX2_screen"	1164	1737	963	574	363	526	15	1	0	24187	169862
"X3 LDAL ADM A H_S61_L001_R1_001_BHCYNTDSX2_screen"	1161	197	139	187	151	56	0	0	0	1986	195946
"X3 LDAL ADM A H_S61_L001_R2_001_BHCYNTDSX2_screen"	1652	348	215	179	114	84	0	0	0	2764	194467
"X3 LDAL ADM B H_S62_L001_R1_001_BHCYNTDSX2_screen"	963	256	100	115	112	32	0	0	0	859	197281
"X3 LDAL ADM B H_S62_L001_R2_001_BHCYNTDSX2_screen"	1179	226	454	129	156	14	0	0	0	3035	194525
"X3 LDAL ADM B A_S63_L001_R1_001_BHCYNTDSX2_screen"	1008	241	124	238	113	51	0	0	0	1021	196857
"X3 LDAL ADM B A_S63_L001_R2_001_BHCYNTDSX2_screen"	1315	272	446	241	145	41	1	0	0	3669	193523
"X18 LDAL ADM H_S64_L001_R1_001_BHCYNTDSX2_screen"	965	200	134	159	132	30	1	0	0	1202	197320
"X18 LDAL ADM H_S64_L001_R2_001_BHCYNTDSX2_screen"	1051	254	460	135	130	31	1	0	0	2962	195119
"X18 LDAL ADM A_S65_L001_R1_001_BHCYNTDSX2_screen"	1024	271	225	574	212	163	0	2	0	3673	193971
"X18 LDAL ADM A_S65_L001_R2_001_BHCYNTDSX2_screen"	1081	364	308	515	202	161	0	1	0	5953	191530
"X1 LDAL ADF H_S66_L001_R1_001_BHCYNTDSX2_screen"	1164	192	175	184	138	60	2	0	0	1989	196290
"X1 LDAL ADF H_S66_L001_R2_001_BHCYNTDSX2_screen"	1598	385	281	159	140	88	2	0	0	3734	193807
"X1 LDAL ADF A_S67_L001_R1_001_BHCYNTDSX2_screen"	1167	347	272	353	223	147	8	0	0	7136	190611
"X1 LDAL ADF A_S67_L001_R2_001_BHCYNTDSX2_screen"	1480	669	559	363	301	174	9	0	0	11045	185664
"X3 LDAL ADF H_S68_L001_R1_001_BHCYNTDSX2_screen"	1230	248	182	189	166	67	2	0	0	2247	196173
"X3 LDAL ADF H_S68_L001_R2_001_BHCYNTDSX2_screen"	1575	386	251	165	151	89	2	0	0	3597	194288
"X4 LDAL ADF H_S69_L001_R1_001_BHCYNTDSX2_screen"	1184	276	148	142	137	18	0	0	0	1313	196611
"X4 LDAL ADF H_S69_L001_R2_001_BHCYNTDSX2_screen"	1384	264	668	128	145	18	0	0	0	3049	194173
"X4 LDAL ADF A_S70_L001_R1_001_BHCYNTDSX2_screen"	917	314	188	369	180	88	1	0	0	1721	196110
"X4 LDAL ADF A_S70_L001_R2_001_BHCYNTDSX2_screen"	1169	304	632	366	206	65	1	0	0	2754	194391
"X18 LDAL ADF H_S71_L001_R1_001_BHCYNTDSX2_screen"	1672	376	208	136	157	47	0	0	0	2192	195532
"X18 LDAL ADF H_S71_L001_R2_001_BHCYNTDSX2_screen"	1939	397	723	124	157	44	0	0	0	5511	191425
"X18 LDAL ADF A_S72_L001_R1_001_BHCYNTDSX2_screen"	1123	447	322	492	283	240	2	0	0	5772	191326
"X18 LDAL ADF A_S72_L001_R2_001_BHCYNTDSX2_screen"	1132	611	506	434	286	242	1	0	0	7929	188866