Vcard_DToL04556-RA,XP_046959710.1,96.422,587,0,2,93,670,1,575,0.0,1164,96.42
Vcard_DToL04556-RA,XP_047529743.1,85.860,587,74,1,93,670,1,587,0.0,1058,91.31
Vcard_DToL04556-RA,XP_026490803.1,82.403,591,73,2,89,670,86,654,0.0,1013,88.49
Vcard_DToL04556-RA,XP_050346287.1,79.216,587,113,1,93,670,1,587,0.0,977,88.25
Vcard_DToL04556-RA,CAH2106622.1,68.103,580,176,1,93,663,1,580,0.0,845,82.93
Vcard_DToL04556-RA,CAH2106621.1,67.671,498,161,0,166,663,9,506,0.0,732,83.53
Vcard_DToL04556-RA,CAH2106857.1,60.526,570,216,1,103,663,7,576,0.0,725,74.74
Vcard_DToL04556-RA,XP_023946731.1,59.722,576,223,1,97,663,1,576,0.0,724,74.83
Vcard_DToL04556-RA,CAH2106859.1,59.099,577,226,2,103,669,7,583,0.0,714,73.66
Vcard_DToL04556-RA,XP_046959743.1,59.343,578,224,3,97,664,1,577,0.0,709,72.66
Vcard_DToL04556-RA,CAH2106858.1,59.683,568,220,1,103,661,7,574,0.0,707,74.47
Vcard_DToL04556-RA,XP_045448999.1,58.070,570,230,1,103,663,72,641,0.0,706,74.39
Vcard_DToL04556-RA,CAH2106524.1,59.683,568,220,1,103,661,7,574,0.0,700,73.59
Vcard_DToL04556-RA,CAH2238619.1,59.310,580,227,1,97,667,1,580,0.0,696,73.10
Vcard_DToL04556-RA,XP_039754384.1,59.310,580,227,1,97,667,1,580,0.0,694,72.93
Vcard_DToL04556-RA,XP_047529775.1,58.232,577,230,3,97,663,1,576,0.0,692,72.10
Vcard_DToL04556-RA,XP_045449000.1,57.759,580,224,3,103,663,58,635,0.0,684,73.62
Vcard_DToL04556-RA,XP_050346434.1,57.391,575,234,3,97,661,1,574,0.0,682,71.65
Vcard_DToL04556-RA,XP_045448948.1,69.803,457,138,0,207,663,1,457,0.0,681,83.59
Vcard_DToL04556-RA,CAG5031357.1,52.931,580,264,1,93,663,1,580,0.0,638,70.17
Vcard_DToL04556-RA,XP_026486667.1,56.330,545,231,3,127,665,143,686,0.0,637,71.93
Vcard_DToL04556-RA,CAH0719717.1,52.827,566,264,2,100,663,12,576,0.0,627,70.85
Vcard_DToL04556-RA,CAH0719715.1,53.710,566,259,2,100,663,12,576,0.0,625,69.43
Vcard_DToL04556-RA,VVC95460.1,52.414,580,264,3,95,663,5,583,0.0,625,69.66
Vcard_DToL04556-RA,XP_023945873.1,51.646,577,268,3,97,663,1,576,0.0,623,71.40
Vcard_DToL04556-RA,XP_022129880.2,50.429,583,277,3,93,665,1,581,0.0,622,69.98
Vcard_DToL04556-RA,CAH4020736.1,50.602,581,275,3,93,663,1,579,0.0,620,69.36
Vcard_DToL04556-RA,XP_023945874.1,52.340,577,264,3,97,663,1,576,0.0,620,69.84
Vcard_DToL04556-RA,CAH0719714.1,52.120,566,262,2,106,663,12,576,0.0,619,69.61
Vcard_DToL04556-RA,CAH0719713.1,53.226,558,259,2,106,663,12,567,0.0,619,70.61
Vcard_DToL04556-RA,CAH0719718.1,52.870,575,262,2,97,663,3,576,0.0,617,68.87
Vcard_DToL04556-RA,XP_045514071.1,50.430,581,274,3,93,663,1,577,0.0,615,69.02
Vcard_DToL04556-RA,CAH0719716.1,54.428,542,246,1,122,663,11,551,0.0,614,70.85
Vcard_DToL04556-RA,CAF4921843.1,50.602,581,275,3,93,663,1,579,0.0,610,70.22
Vcard_DToL04556-RA,XP_047506486.1,50.602,581,275,3,93,663,1,579,0.0,608,69.88
Vcard_DToL04556-RA,XP_050671136.1,50.877,570,270,2,103,663,16,584,0.0,603,69.82
Vcard_DToL04556-RA,XP_038211888.1,50.517,580,277,2,93,663,1,579,0.0,601,69.48
Vcard_DToL04556-RA,CAH0719719.1,53.534,566,258,4,100,663,12,574,0.0,599,68.90
Vcard_DToL04556-RA,XP_014371776.2,48.294,586,289,4,90,663,11,594,0.0,578,67.24
Vcard_DToL04556-RA,XP_014371774.2,51.386,541,263,0,127,667,38,578,0.0,575,70.06
Vcard_DToL04556-RA,KPJ18289.1,51.583,537,260,0,127,663,60,596,0.0,575,70.02
Vcard_DToL04556-RA,XP_041978159.1,51.444,554,257,4,120,664,28,578,0.0,568,69.13
Vcard_DToL04556-RA,XP_013169557.1,52.700,537,254,0,127,663,38,574,0.0,566,70.02
Vcard_DToL04556-RA,XP_045497793.1,49.138,580,285,2,93,663,1,579,0.0,566,66.90
Vcard_DToL04556-RA,KPJ02521.1,52.514,537,255,0,127,663,38,574,0.0,565,70.02
Vcard_DToL04556-RA,XP_013143815.1,50.466,537,266,0,127,663,49,585,0.0,558,68.90
Vcard_DToL04556-RA,KPJ18290.1,48.639,551,270,4,123,663,64,611,0.0,556,68.60
Vcard_DToL04556-RA,CAH0719712.1,50.273,549,262,6,127,669,40,583,0.0,555,69.58
Vcard_DToL04556-RA,PZC73783.1,46.831,568,290,4,105,663,15,579,0.0,550,66.90
Vcard_DToL04556-RA,XP_047031240.1,47.007,568,289,4,105,663,15,579,0.0,549,67.08
Vcard_DToL04556-RA,XP_021195906.2,46.655,568,291,4,105,663,15,579,0.0,546,66.55
Vcard_DToL04556-RA,XP_047995251.1,48.103,580,292,1,93,663,1,580,0.0,546,63.62
Vcard_DToL04556-RA,KPJ02522.1,47.660,577,288,4,98,663,20,593,0.0,545,67.07
Vcard_DToL04556-RA,XP_041978637.1,49.732,559,269,4,93,642,1,556,0.0,542,66.91
Vcard_DToL04556-RA,XP_041978637.1,44.545,110,61,0,554,663,590,699,2.00e-22,115,68.18
Vcard_DToL04556-RA,XP_047995150.1,46.907,582,297,4,93,663,1,581,0.0,541,63.57
Vcard_DToL04556-RA,XP_013169000.1,48.980,539,271,2,127,663,24,560,0.0,539,69.20
Vcard_DToL04556-RA,XP_026763613.2,45.876,582,301,4,93,665,1,577,0.0,539,64.95
Vcard_DToL04556-RA,CAG5031351.1,48.592,568,282,2,104,662,12,578,0.0,539,66.02
Vcard_DToL04556-RA,XP_047995151.1,46.392,582,300,4,93,663,1,581,0.0,537,64.60
Vcard_DToL04556-RA,XP_047995149.1,46.587,586,297,5,93,663,1,585,1.54e-180,536,63.14
Vcard_DToL04556-RA,XP_050671150.1,53.503,471,218,1,193,663,8,477,4.00e-180,531,71.13
Vcard_DToL04556-RA,CAH0398093.1,45.172,580,307,3,93,663,1,578,1.62e-179,533,63.97
Vcard_DToL04556-RA,XP_035434758.2,45.392,586,308,4,93,669,1,583,1.79e-179,533,65.53
Vcard_DToL04556-RA,KPJ18288.1,47.711,568,287,2,104,662,19,585,9.06e-179,532,66.02
Vcard_DToL04556-RA,XP_013169001.1,48.063,568,285,2,104,662,19,585,1.27e-178,531,65.85
Vcard_DToL04556-RA,RVE42399.1,44.828,580,309,3,93,663,1,578,1.45e-178,531,63.79
Vcard_DToL04556-RA,CAH2980541.1,44.768,583,310,3,93,666,1,580,1.73e-178,530,64.49
Vcard_DToL04556-RA,KAH9631910.1,44.369,586,314,4,93,669,1,583,4.61e-178,530,65.70
Vcard_DToL04556-RA,XP_022817558.1,44.974,587,309,5,93,669,1,583,7.67e-178,529,65.93
Vcard_DToL04556-RA,XP_028163476.1,44.349,584,313,3,93,666,1,582,2.83e-177,528,64.38
Vcard_DToL04556-RA,XP_026749639.1,46.299,581,297,5,93,663,1,576,2.83e-177,528,65.75
Vcard_DToL04556-RA,XP_028163475.1,44.349,584,313,3,93,666,25,606,1.32e-176,526,64.38
Vcard_DToL04556-RA,XP_028163474.1,44.349,584,313,3,93,666,39,620,1.42e-176,527,64.38
Vcard_DToL04556-RA,CBH09301.1,43.546,581,318,2,93,663,1,581,3.49e-176,525,66.78
Vcard_DToL04556-RA,XP_028163514.1,47.350,585,284,8,93,663,1,575,1.70e-175,523,64.10
Vcard_DToL04556-RA,RVE42398.1,45.230,566,298,3,110,666,22,584,5.45e-175,521,65.02
Vcard_DToL04556-RA,KAI8435573.1,45.904,586,300,4,93,664,1,583,3.20e-174,520,64.51
Vcard_DToL04556-RA,XP_013143028.1,46.050,595,284,2,104,662,26,619,8.34e-174,520,63.36
Vcard_DToL04556-RA,XP_031765765.1,46.459,579,292,7,93,660,1,572,1.56e-173,518,65.28
Vcard_DToL04556-RA,XP_031765753.1,47.464,552,273,5,119,660,29,573,3.49e-173,517,65.40
Vcard_DToL04556-RA,KPJ02519.1,44.637,578,309,3,93,660,1,577,3.55e-173,520,64.71
Vcard_DToL04556-RA,XP_030036407.1,45.533,582,303,4,93,663,1,579,6.38e-173,516,62.71
Vcard_DToL04556-RA,XP_032522516.1,45.128,585,308,4,93,664,1,585,1.79e-172,515,63.93
Vcard_DToL04556-RA,XP_013169559.1,52.138,491,235,0,173,663,1,491,3.51e-171,509,69.45
Vcard_DToL04556-RA,XP_014371815.2,45.267,581,307,3,93,663,5,584,4.32e-171,514,64.03
Vcard_DToL04556-RA,XP_026759445.1,46.735,582,294,6,93,663,1,577,4.46e-171,511,62.89
Vcard_DToL04556-RA,XP_014371773.2,48.224,535,276,1,128,662,10,543,4.72e-171,511,66.54
Vcard_DToL04556-RA,XP_026744391.1,43.966,580,313,3,93,663,1,577,8.09e-171,511,63.97
Vcard_DToL04556-RA,KPJ18287.1,45.095,581,308,3,93,663,1,580,9.24e-171,514,64.03
Vcard_DToL04556-RA,XP_047995651.1,45.172,580,310,1,93,664,1,580,4.84e-170,509,63.62
Vcard_DToL04556-RA,XP_049703554.1,44.483,580,310,3,93,663,1,577,5.82e-170,509,63.28
Vcard_DToL04556-RA,CAH0586845.1,43.793,580,314,3,93,663,1,577,1.01e-169,508,63.79
Vcard_DToL04556-RA,PZC75677.1,44.310,580,311,3,93,663,1,577,1.02e-169,508,63.28
Vcard_DToL04556-RA,XP_035450613.2,43.373,581,313,5,93,663,1,575,1.31e-169,508,64.37
Vcard_DToL04556-RA,XP_047025202.1,44.138,580,312,3,93,663,1,577,3.64e-169,506,63.28
Vcard_DToL04556-RA,XP_022836424.1,43.793,580,313,4,93,663,1,576,9.03e-169,506,64.14
Vcard_DToL04556-RA,CAH0695645.1,45.287,541,291,4,130,669,35,571,1.33e-168,505,67.10
Vcard_DToL04556-RA,XP_022836178.1,43.201,581,314,6,93,663,1,575,2.01e-168,504,65.58
Vcard_DToL04556-RA,XP_050558009.1,43.621,580,314,4,93,663,1,576,3.90e-168,504,64.31
Vcard_DToL04556-RA,XP_026749602.1,45.679,567,294,4,106,662,8,570,9.87e-168,503,63.32
Vcard_DToL07962-RA,XP_046964121.1,98.039,102,2,0,8,109,96,197,4.07e-68,214,100.00
Vcard_DToL07962-RA,XP_026501308.1,93.069,101,7,0,8,108,97,197,1.39e-64,206,98.02
Vcard_DToL07962-RA,XP_050353197.1,89.899,99,10,0,8,106,98,196,6.75e-61,196,93.94
Vcard_DToL07962-RA,XP_047538576.1,93.069,101,7,0,8,108,338,438,5.62e-60,206,98.02
Vcard_DToL07962-RA,XP_047538576.1,60.204,98,39,0,8,105,99,196,3.94e-29,122,68.37
Vcard_DToL07962-RA,XP_047538576.1,57.143,98,42,0,8,105,563,660,1.01e-26,115,66.33
Vcard_DToL07962-RA,XP_045454124.1,81.905,105,19,0,9,113,97,201,3.56e-58,189,87.62
Vcard_DToL07962-RA,CAH2237062.1,77.778,108,24,0,9,116,98,205,1.29e-57,188,87.96
Vcard_DToL07962-RA,CAH2093887.1,79.048,105,22,0,9,113,93,197,4.03e-55,181,84.76
Vcard_DToL07962-RA,XP_039751963.1,76.147,109,26,0,9,117,98,206,1.44e-54,187,88.07
Vcard_DToL07962-RA,XP_039751963.1,55.102,98,44,0,8,105,317,414,1.79e-27,116,66.33
Vcard_DToL07962-RA,XP_034827833.1,68.548,124,39,0,8,131,98,221,1.82e-54,187,79.84
Vcard_DToL07962-RA,XP_034827833.1,56.122,98,43,0,8,105,325,422,8.17e-28,117,64.29
Vcard_DToL07962-RA,XP_023952834.1,82.653,98,17,0,9,106,96,193,1.98e-54,180,88.78
Vcard_DToL07962-RA,XP_045770458.1,76.636,107,25,0,8,114,347,453,4.41e-54,186,86.92
Vcard_DToL07962-RA,XP_045770458.1,58.163,98,41,0,8,105,97,194,4.77e-28,118,69.39
Vcard_DToL07962-RA,XP_023953329.1,80.612,98,19,0,9,106,20,117,5.54e-53,173,87.76
Vcard_DToL07962-RA,CAH0713733.1,75.490,102,25,0,9,110,100,201,7.47e-51,171,87.25
Vcard_DToL07962-RA,CAG9559122.1,73.469,98,26,0,8,105,100,197,7.20e-48,163,86.73
Vcard_DToL07962-RA,XP_038213944.1,75.510,98,24,0,8,105,97,194,1.25e-47,162,81.63
Vcard_DToL07962-RA,CAG5044141.1,70.192,104,31,0,8,111,105,208,1.84e-47,162,84.62
Vcard_DToL07962-RA,XP_013167573.1,72.816,103,28,0,9,111,99,201,3.70e-47,162,81.55
Vcard_DToL07962-RA,XP_014363093.2,70.874,103,30,0,9,111,90,192,5.64e-47,161,82.52
Vcard_DToL07962-RA,XP_032527674.1,74.490,98,25,0,8,105,100,197,3.76e-46,159,83.67
Vcard_DToL07962-RA,KPJ11532.1,69.903,103,31,0,9,111,126,228,1.24e-45,159,81.55
Vcard_DToL07962-RA,XP_013142944.1,68.269,104,33,0,8,111,100,203,1.37e-45,157,79.81
Vcard_DToL07962-RA,CAH2052127.1,64.103,117,39,1,8,121,84,200,1.53e-45,157,75.21
Vcard_DToL07962-RA,XP_045517133.1,72.449,98,27,0,8,105,93,190,1.56e-45,157,82.65
Vcard_DToL07962-RA,XP_045503230.1,72.165,97,27,0,8,104,97,193,3.02e-45,156,81.44
Vcard_DToL07962-RA,XP_050668450.1,64.815,108,35,1,8,115,95,199,3.32e-44,154,76.85
Vcard_DToL07962-RA,XP_022131049.2,69.388,98,30,0,8,105,98,195,4.14e-44,154,81.63
Vcard_DToL07962-RA,KPI98913.1,71.845,103,29,0,9,111,76,178,5.03e-44,159,80.58
Vcard_DToL07962-RA,KPI98913.1,53.125,96,45,0,8,103,297,392,6.61e-26,112,65.62
Vcard_DToL07962-RA,CAF4916883.1,68.367,98,31,0,8,105,93,190,7.00e-43,150,80.61
Vcard_DToL07962-RA,KAI5634031.1,65.714,105,36,0,8,112,94,198,2.37e-42,149,75.24
Vcard_DToL07962-RA,XP_049879192.1,69.231,104,32,0,8,111,95,198,2.68e-42,149,74.04
Vcard_DToL07962-RA,XP_026740604.1,63.636,110,40,0,8,117,99,208,1.19e-41,148,73.64
Vcard_DToL07962-RA,AME17980.2,67.308,104,34,0,8,111,96,199,1.38e-41,147,75.96
Vcard_DToL07962-RA,KAG8105266.1,64.762,105,37,0,8,112,3,107,2.86e-41,144,72.38
Vcard_DToL07962-RA,AFV15800.1,72.165,97,27,0,8,104,101,197,3.16e-41,146,78.35
Vcard_DToL07962-RA,XP_031764356.1,72.165,97,27,0,8,104,101,197,3.34e-41,146,78.35
Vcard_DToL07962-RA,KAG6446806.1,62.963,108,40,0,9,116,97,204,3.79e-41,146,75.93
Vcard_DToL07962-RA,CAH0595324.1,66.038,106,36,0,8,113,95,200,4.20e-41,146,74.53
Vcard_DToL07962-RA,XP_026314161.1,66.346,104,35,0,8,111,45,148,4.28e-41,144,74.04
Vcard_DToL07962-RA,RVE47453.1,69.388,98,30,0,8,105,97,194,1.02e-40,145,77.55
Vcard_DToL07962-RA,XP_047511696.1,65.714,105,36,0,8,112,91,195,1.14e-40,153,79.05
Vcard_DToL07962-RA,XP_047511696.1,53.061,98,46,0,8,105,417,514,4.28e-25,110,65.31
Vcard_DToL07962-RA,NP_001036858.1,64.762,105,37,0,9,113,97,201,1.60e-40,144,73.33
Vcard_DToL07962-RA,PZC83481.1,65.385,104,36,0,9,112,97,200,3.68e-40,144,74.04
Vcard_DToL07962-RA,AFP23117.1,65.385,104,36,0,9,112,97,200,4.05e-40,144,74.04
Vcard_DToL07962-RA,XP_047032737.1,65.385,104,36,0,9,112,97,200,4.28e-40,144,74.04
Vcard_DToL07962-RA,XP_021182536.2,65.385,104,36,0,9,112,97,200,4.37e-40,144,74.04
Vcard_DToL07962-RA,CAG9791478.1,64.078,103,37,0,8,110,97,199,6.33e-40,143,72.82
Vcard_DToL07962-RA,KAJ0173085.1,63.810,105,38,0,8,112,97,201,7.73e-40,143,75.24
Vcard_DToL07962-RA,XP_028159392.1,65.979,97,33,0,8,104,101,197,1.04e-39,142,73.20
Vcard_DToL07962-RA,XP_030021983.2,62.963,108,40,0,9,116,266,373,1.11e-39,147,75.93
Vcard_DToL07962-RA,XP_030021983.2,53.608,97,45,0,8,104,97,193,1.05e-23,105,64.95
Vcard_DToL07962-RA,XP_035447858.2,63.810,105,38,0,8,112,97,201,1.23e-39,142,72.38
Vcard_DToL07962-RA,KAF9805816.1,63.810,105,38,0,8,112,97,201,1.26e-39,142,72.38
Vcard_DToL07962-RA,AGW80663.1,66.667,99,33,0,9,107,84,182,1.83e-39,141,75.76
Vcard_DToL07962-RA,ADR51144.1,66.667,99,33,0,9,107,67,165,2.16e-39,140,75.76
Vcard_DToL07962-RA,AXS59129.1,63.462,104,38,0,8,111,94,197,2.98e-39,141,75.96
Vcard_DToL07962-RA,KAF9406715.1,63.810,105,38,0,8,112,97,201,3.60e-39,141,73.33
Vcard_DToL07962-RA,XP_028035267.1,62.857,105,39,0,9,113,97,201,4.87e-39,141,72.38
Vcard_DToL07962-RA,XP_047999054.1,63.462,104,38,0,8,111,94,197,7.94e-39,140,75.00
Vcard_DToL07962-RA,CAB3511489.1,61.905,105,40,0,8,112,97,201,1.72e-38,139,70.48
Vcard_DToL07962-RA,OWR54947.1,60.345,116,39,1,8,116,100,215,2.86e-38,144,72.41
Vcard_DToL07962-RA,OWR54947.1,60.204,98,39,0,8,105,291,388,1.43e-29,121,67.35
Vcard_DToL07962-RA,XP_013189609.1,64.948,97,34,0,8,104,97,193,4.11e-38,138,76.29
Vcard_DToL07962-RA,XP_041972286.1,52.893,121,55,1,8,128,112,230,7.67e-38,144,70.25
Vcard_DToL07962-RA,XP_041972286.1,50.877,114,56,0,8,121,356,469,1.71e-28,119,64.04
Vcard_DToL07962-RA,CAH0696777.1,63.810,105,38,0,8,112,252,356,7.94e-38,142,73.33
Vcard_DToL07962-RA,XP_022831988.1,60.952,105,41,0,8,112,97,201,8.89e-38,138,70.48
Vcard_DToL07962-RA,BAF03521.1,61.682,107,41,0,8,114,96,202,1.10e-37,137,71.96
Vcard_DToL07962-RA,XP_037974569.2,59.804,102,41,0,8,109,94,195,4.54e-37,135,69.61
Vcard_DToL07962-RA,CAB3246193.1,58.182,110,46,0,8,117,104,213,1.09e-36,135,71.82
Vcard_DToL07962-RA,CAB3220407.1,57.273,110,47,0,8,117,104,213,1.62e-36,135,71.82
Vcard_DToL07962-RA,CAL36191.1,67.010,97,32,0,8,104,73,169,4.15e-36,132,73.20
Vcard_DToL07962-RA,QCS60955.1,58.824,102,42,0,8,109,94,195,4.56e-36,133,69.61
Vcard_DToL07962-RA,KAJ0173086.1,63.636,99,36,0,8,106,93,191,8.63e-36,133,71.72
Vcard_DToL07962-RA,CAB3220409.1,63.918,97,35,0,9,105,86,182,9.82e-36,132,70.10
Vcard_DToL07962-RA,XP_049699274.1,65.306,98,34,0,8,105,104,201,1.14e-35,133,69.39
Vcard_DToL07962-RA,PZC83480.1,65.306,98,34,0,8,105,86,183,1.23e-35,132,69.39
Vcard_DToL07962-RA,AHL58837.1,65.306,98,34,0,8,105,104,201,1.23e-35,133,69.39
Vcard_DToL07962-RA,XP_047032982.1,65.306,98,34,0,8,105,104,201,1.78e-35,132,69.39
Vcard_DToL07962-RA,XP_047032979.1,65.306,98,34,0,8,105,114,211,1.88e-35,133,69.39
Vcard_DToL07962-RA,QCS60956.1,56.863,102,44,0,8,109,94,195,2.65e-35,131,68.63
Vcard_DToL07962-RA,KAH9631159.1,65.979,97,33,0,9,105,98,194,5.57e-35,131,69.07
Vcard_DToL07962-RA,CAH0696776.1,65.979,97,33,0,9,105,104,200,8.83e-35,130,69.07
Vcard_DToL07962-RA,CAB3220403.1,62.245,98,37,0,8,105,86,183,9.03e-35,130,69.39
Vcard_DToL07962-RA,KAF9406714.1,65.979,97,33,0,9,105,104,200,9.52e-35,130,69.07
Vcard_DToL07962-RA,XP_030021969.1,63.265,98,36,0,9,106,103,200,1.37e-34,130,69.39
Vcard_DToL07962-RA,XP_035448646.2,64.948,97,34,0,9,105,103,199,1.80e-34,130,69.07
Vcard_DToL07962-RA,XP_035448645.2,64.948,97,34,0,9,105,104,200,1.85e-34,130,69.07
Vcard_DToL07962-RA,CAB3246195.1,62.887,97,36,0,9,105,86,182,1.98e-34,129,69.07
Vcard_DToL07962-RA,XP_028159391.1,65.306,98,34,0,8,105,103,200,7.26e-34,128,69.39
Vcard_DToL07962-RA,CAB3511488.1,64.948,97,34,0,9,105,103,199,1.38e-33,128,68.04
Vcard_DToL07962-RA,XP_022832121.1,64.948,97,34,0,9,105,103,199,1.39e-33,127,68.04
Vcard_DToL07962-RA,KAF9805817.1,64.948,97,34,0,9,105,81,177,2.21e-33,130,69.07
Vcard_DToL07962-RA,KAF9805817.1,49.485,97,49,0,8,104,237,333,1.44e-22,101,61.86
Vcard_DToL07962-RA,XP_026754843.1,62.887,97,36,0,9,105,105,201,2.98e-33,127,68.04
Vcard_DToL07962-RA,GBP27045.1,57.843,102,43,0,8,109,155,256,3.59e-33,127,68.63
Vcard_DToL07962-RA,ADU33186.1,62.245,98,37,0,8,105,83,180,3.59e-33,126,70.41
Vcard_DToL07962-RA,RVE47454.1,59.596,99,40,0,8,106,103,201,3.60e-33,126,70.71
Vcard_DToL07962-RA,CAH2093886.1,80.282,71,14,0,8,78,17,87,3.70e-33,122,87.32
Vcard_DToL07962-RA,CAH0402748.1,59.596,99,40,0,8,106,103,201,3.72e-33,126,70.71
Vcard_DToL07962-RA,KAG8105512.1,64.948,97,34,0,9,105,85,181,4.17e-33,130,69.07
Vcard_DToL07962-RA,KAG8105512.1,51.546,97,47,0,8,104,268,364,9.60e-25,108,62.89
Vcard_DToL07962-RA,CAB3220405.1,49.107,112,57,0,8,119,104,215,1.13e-32,126,67.86
Vcard_DToL07962-RA,XP_046964423.1,61.856,97,37,0,8,104,99,195,1.18e-32,124,70.10
Vcard_DToL07962-RA,KAI8442179.1,60.204,98,39,0,8,105,171,268,1.20e-32,127,69.39
Vcard_DToL07962-RA,CAH0595323.1,60.825,97,38,0,9,105,105,201,1.40e-32,125,68.04
Vcard_DToL07964-RA,XP_046964423.1,100.000,199,0,0,1,199,1,199,2.39e-147,417,100.00
Vcard_DToL07964-RA,XP_026501318.1,87.940,199,24,0,1,199,6,204,4.27e-129,372,92.96
Vcard_DToL07964-RA,XP_047538576.1,88.442,199,23,0,1,199,1,199,1.60e-124,377,95.48
Vcard_DToL07964-RA,XP_047538576.1,58.434,166,68,1,30,195,495,659,4.63e-62,214,72.29
Vcard_DToL07964-RA,XP_047538576.1,55.497,191,78,5,6,195,250,434,7.17e-57,201,66.49
Vcard_DToL07964-RA,XP_050353198.1,79.293,198,41,0,1,198,1,198,2.08e-116,339,88.38
Vcard_DToL07964-RA,CAH2093885.1,66.332,199,65,2,1,198,1,198,1.68e-92,279,78.39
Vcard_DToL07964-RA,XP_034828319.1,68.421,190,58,2,6,195,6,193,7.58e-90,272,78.95
Vcard_DToL07964-RA,XP_045454125.1,63.819,199,70,2,1,198,1,198,1.52e-87,266,73.87
Vcard_DToL07964-RA,XP_039752491.1,63.077,195,69,2,6,198,6,199,1.35e-84,259,76.41
Vcard_DToL07964-RA,CAH2237061.1,63.077,195,69,2,6,198,38,231,5.24e-84,258,76.41
Vcard_DToL07964-RA,XP_045770458.1,65.263,190,64,2,6,195,6,193,2.88e-83,264,77.37
Vcard_DToL07964-RA,XP_045770458.1,56.364,165,70,2,32,196,282,444,8.32e-57,196,67.88
Vcard_DToL07964-RA,XP_023950333.1,62.500,192,69,3,6,195,6,196,5.71e-81,249,76.56
Vcard_DToL07964-RA,CAH0713735.1,64.103,195,67,2,1,195,32,223,7.28e-81,250,71.79
Vcard_DToL07964-RA,AME17979.1,62.564,195,69,3,3,197,6,196,2.53e-80,248,71.28
Vcard_DToL07964-RA,XP_023952835.1,61.979,192,70,3,6,195,6,196,3.01e-80,248,76.04
Vcard_DToL07964-RA,XP_031764359.1,61.170,188,72,1,9,196,7,193,2.00e-79,246,72.34
Vcard_DToL07964-RA,XP_031764358.1,61.497,187,71,1,9,195,21,206,3.22e-79,246,72.73
Vcard_DToL07964-RA,KPJ11530.1,60.209,191,74,2,7,196,4,193,8.95e-79,244,72.25
Vcard_DToL07964-RA,CAG5044143.1,58.500,200,81,2,1,199,1,199,4.00e-78,242,70.00
Vcard_DToL07964-RA,CAH0595325.1,59.474,190,75,1,6,195,8,195,1.10e-77,241,70.53
Vcard_DToL07964-RA,XP_026740216.1,59.794,194,77,1,2,195,3,195,1.28e-77,241,70.62
Vcard_DToL07964-RA,KAJ0173086.1,62.842,183,60,2,13,195,15,189,1.31e-77,242,73.77
Vcard_DToL07964-RA,BAF03520.1,58.854,192,77,2,6,197,6,195,3.34e-77,240,71.88
Vcard_DToL07964-RA,XP_013146495.1,60.000,195,74,3,6,199,4,195,3.42e-77,240,71.28
Vcard_DToL07964-RA,CAG5044142.1,57.500,200,83,2,1,199,30,228,5.63e-77,240,69.50
Vcard_DToL07964-RA,XP_047032982.1,56.219,201,81,2,1,195,1,200,1.54e-76,239,69.65
Vcard_DToL07964-RA,XP_013167500.1,58.115,191,78,2,7,196,11,200,3.80e-76,238,71.73
Vcard_DToL07964-RA,XP_013167501.1,58.115,191,78,2,7,196,4,193,4.05e-76,237,71.73
Vcard_DToL07964-RA,XP_045539309.1,57.592,191,80,1,6,196,3,192,4.23e-76,237,70.16
Vcard_DToL07964-RA,AFP23116.1,56.281,199,84,2,3,199,1,198,1.98e-75,235,69.85
Vcard_DToL07964-RA,XP_021182537.2,56.281,199,84,2,3,199,1,198,2.00e-75,235,69.85
Vcard_DToL07964-RA,KPI98915.1,58.115,191,78,2,7,196,4,193,3.20e-75,235,70.68
Vcard_DToL07964-RA,XP_047032979.1,54.028,211,80,3,1,195,1,210,3.98e-75,236,67.77
Vcard_DToL07964-RA,XP_047032738.1,57.436,195,80,2,3,195,1,194,9.04e-75,234,70.26
Vcard_DToL07964-RA,XP_049699274.1,55.721,201,82,2,1,195,1,200,9.45e-75,235,69.15
Vcard_DToL07964-RA,AHL58837.1,55.721,201,82,2,1,195,1,200,9.87e-75,235,69.15
Vcard_DToL07964-RA,CAB3220403.1,63.158,171,60,2,28,197,16,184,1.51e-74,234,76.02
Vcard_DToL07964-RA,XP_045503113.1,56.931,202,82,3,1,199,1,200,1.69e-74,233,68.32
Vcard_DToL07964-RA,AWE05152.1,58.201,189,78,1,7,195,7,194,1.80e-74,233,68.78
Vcard_DToL07964-RA,RVE47454.1,60.112,178,70,1,18,195,23,199,2.08e-74,233,74.72
Vcard_DToL07964-RA,CAH0402748.1,60.112,178,70,1,18,195,23,199,2.15e-74,234,74.72
Vcard_DToL07964-RA,PZC83480.1,64.458,166,58,1,30,195,18,182,4.01e-74,233,75.90
Vcard_DToL07964-RA,CAH2052125.1,55.556,198,87,1,1,198,15,211,4.67e-74,233,68.18
Vcard_DToL07964-RA,XP_045539154.1,59.887,177,70,1,19,195,24,199,6.75e-74,233,72.88
Vcard_DToL07964-RA,CAH0713734.1,65.476,168,57,1,29,196,18,184,1.18e-73,231,75.00
Vcard_DToL07964-RA,ADU33185.1,55.276,199,82,2,3,198,4,198,1.18e-73,231,68.34
Vcard_DToL07964-RA,XP_038214256.1,56.566,198,81,3,1,195,1,196,4.73e-73,229,68.18
Vcard_DToL07964-RA,XP_013167571.1,55.556,198,84,2,1,195,1,197,6.58e-73,229,69.19
Vcard_DToL07964-RA,XP_047511824.1,57.653,196,79,2,7,199,6,200,8.18e-73,229,66.84
Vcard_DToL07964-RA,ACX49764.1,55.897,195,84,2,1,195,1,193,1.21e-72,228,71.79
Vcard_DToL07964-RA,CAH0696778.1,56.842,190,81,1,6,195,7,195,1.24e-72,228,69.47
Vcard_DToL07964-RA,CAF4916893.1,57.653,196,79,2,7,199,6,200,1.48e-72,228,66.84
Vcard_DToL07964-RA,KAF9405315.1,56.842,190,81,1,6,195,7,195,2.03e-72,228,68.95
Vcard_DToL07964-RA,XP_028159378.1,54.726,201,82,3,1,198,4,198,3.24e-72,228,67.66
Vcard_DToL07964-RA,KPJ11533.1,58.757,177,72,1,19,195,45,220,5.02e-72,229,71.75
Vcard_DToL07964-RA,XP_013189612.1,65.060,166,57,1,30,195,26,190,6.18e-72,226,72.89
Vcard_DToL07964-RA,PZC83482.1,61.176,170,65,1,30,199,16,184,6.23e-72,226,74.12
Vcard_DToL07964-RA,KPI95992.1,55.051,198,85,2,1,195,7,203,7.86e-72,227,68.69
Vcard_DToL07964-RA,XP_013146509.1,58.947,190,76,2,6,195,8,195,9.16e-72,226,69.47
Vcard_DToL07964-RA,XP_035448645.2,64.072,167,57,2,30,195,35,199,1.27e-71,227,76.65
Vcard_DToL07964-RA,CAH0696776.1,63.473,167,58,2,30,195,35,199,1.38e-71,227,77.25
Vcard_DToL07964-RA,KAF9406714.1,63.473,167,58,2,30,195,35,199,1.38e-71,227,77.25
Vcard_DToL07964-RA,XP_035448646.2,64.072,167,57,2,30,195,34,198,1.42e-71,227,76.65
Vcard_DToL07964-RA,XP_045518065.1,56.633,196,81,2,7,199,6,200,1.62e-71,226,66.33
Vcard_DToL07964-RA,XP_028035304.1,54.872,195,85,2,3,195,1,194,1.88e-71,225,68.72
Vcard_DToL07964-RA,XP_041971438.1,53.807,197,89,2,4,199,3,198,1.88e-71,225,67.51
Vcard_DToL07964-RA,XP_035447857.2,54.639,194,87,1,2,195,3,195,2.53e-71,225,68.56
Vcard_DToL07964-RA,CAB3511490.1,57.368,190,79,2,7,195,7,195,3.05e-71,225,68.95
Vcard_DToL07964-RA,CAH2263540.1,60.241,166,65,1,30,195,28,192,3.71e-71,225,75.30
Vcard_DToL07964-RA,ADU33186.1,62.651,166,61,1,30,195,15,179,4.66e-71,225,75.30
Vcard_DToL07964-RA,XP_028159393.1,62.651,166,61,1,30,195,15,179,5.03e-71,225,75.30
Vcard_DToL07964-RA,XP_021205511.1,54.082,196,87,2,3,196,1,195,5.50e-71,224,68.37
Vcard_DToL07964-RA,XP_045539265.1,61.818,165,62,1,31,195,36,199,6.99e-71,224,75.15
Vcard_DToL07964-RA,XP_013167550.1,57.955,176,73,1,19,194,37,211,7.91e-71,226,72.16
Vcard_DToL07964-RA,XP_013167551.1,57.955,176,73,1,19,194,24,198,9.00e-71,225,72.16
Vcard_DToL07964-RA,XP_022831609.1,56.250,192,81,2,6,195,5,195,9.10e-71,224,68.75
Vcard_DToL07964-RA,KAI8442179.1,63.253,166,60,1,30,195,103,267,1.06e-70,227,74.10
Vcard_DToL07964-RA,BAF74637.1,60.947,169,63,2,30,197,36,202,1.30e-70,224,74.56
Vcard_DToL07964-RA,CAB3511488.1,56.633,196,82,2,1,195,5,198,1.30e-70,224,69.90
Vcard_DToL07964-RA,XP_022131093.2,56.633,196,81,2,7,199,6,200,1.32e-70,223,65.82
Vcard_DToL07964-RA,XP_045770312.1,60.843,166,64,1,30,195,34,198,1.37e-70,224,74.10
Vcard_DToL07964-RA,XP_022832121.1,56.633,196,82,2,1,195,5,198,1.39e-70,224,69.90
Vcard_DToL07964-RA,KPJ05906.1,62.577,163,60,1,33,195,35,196,1.42e-70,223,76.07
Vcard_DToL07964-RA,GBP27039.1,61.078,167,62,2,30,195,25,189,1.65e-70,224,74.85
Vcard_DToL07964-RA,XP_013143081.1,56.497,177,76,1,19,195,37,212,2.57e-70,224,71.75
Vcard_DToL07964-RA,KPJ05907.1,62.195,164,61,1,32,195,39,201,2.89e-70,223,75.61
Vcard_DToL07964-RA,KAJ0173084.1,60.714,168,65,1,30,197,58,224,3.99e-70,223,72.62
Vcard_DToL07964-RA,CAG9791479.1,62.048,166,62,1,30,195,34,198,4.03e-70,223,74.10
Vcard_DToL07964-RA,KPI98914.1,58.421,190,77,2,6,195,15,202,4.34e-70,222,67.37
Vcard_DToL07964-RA,CAG9559123.1,61.905,168,63,1,30,197,37,203,4.86e-70,223,71.43
Vcard_DToL07964-RA,XP_013167547.1,58.421,190,77,2,6,195,8,195,5.40e-70,222,67.37
Vcard_DToL07964-RA,CAB3220409.1,62.874,167,59,2,30,195,17,181,5.46e-70,222,74.25
Vcard_DToL07964-RA,KAG8105269.1,53.608,194,89,1,2,195,3,195,5.96e-70,222,68.04
Vcard_DToL07964-RA,CAH2093889.1,61.310,168,64,1,28,195,28,194,6.63e-70,222,73.81
Vcard_DToL07964-RA,XP_026754843.1,62.130,169,61,2,30,197,36,202,6.87e-70,223,73.96
Vcard_DToL07964-RA,KAF9805817.1,64.072,167,57,2,30,195,12,176,7.29e-70,226,76.65
Vcard_DToL07964-RA,KAF9805817.1,47.518,141,74,0,55,195,193,333,1.05e-36,141,60.99
Vcard_DToL07964-RA,CAG9104125.1,53.608,194,85,2,6,195,9,201,7.33e-70,221,66.49
Vcard_DToL07964-RA,CAH2093888.1,61.310,168,64,1,28,195,35,201,7.54e-70,222,73.81
Vcard_DToL07964-RA,XP_028159391.1,61.310,168,64,1,28,195,33,199,7.58e-70,223,73.21
Vcard_DToL07964-RA,CAH2052129.1,59.639,166,66,1,30,195,33,197,8.58e-70,224,74.70
Vcard_DToL07964-RA,XP_013167546.1,58.421,190,77,2,6,195,16,203,9.52e-70,221,67.37
Vcard_DToL16441-RA,KAI5641293.1,59.060,447,117,5,1,381,1,447,1.96e-174,504,68.68
Vcard_DToL16441-RA,KAG7300947.1,54.036,446,136,6,1,381,1,442,3.32e-160,468,67.94
Vcard_DToL16441-RA,XP_041974312.1,59.756,410,128,9,1,383,1,400,3.11e-158,461,72.93
Vcard_DToL16441-RA,CAG9125020.1,48.790,496,135,7,1,381,1,492,3.48e-152,449,61.09
Vcard_DToL16441-RA,KAH9640176.1,62.338,385,112,8,4,383,5,361,1.15e-148,435,70.91
Vcard_DToL16441-RA,XP_039746427.1,52.017,471,122,12,1,383,1,455,9.52e-146,431,63.69
Vcard_DToL16441-RA,XP_028032881.1,47.609,460,159,9,1,383,1,455,2.80e-131,394,61.74
Vcard_DToL16441-RA,CAH2097740.1,49.783,460,149,13,1,383,1,455,1.27e-130,392,61.74
Vcard_DToL16441-RA,XP_047540307.1,96.277,188,7,0,1,188,1,188,2.58e-123,374,98.40
Vcard_DToL16441-RA,XP_047540307.1,99.359,156,1,0,228,383,300,455,4.87e-106,330,100.00
Vcard_DToL16441-RA,XP_026499365.1,94.681,188,10,0,1,188,1,188,4.00e-122,371,97.87
Vcard_DToL16441-RA,XP_026499365.1,99.359,156,1,0,228,383,300,455,1.90e-106,331,100.00
Vcard_DToL16441-RA,VVC98949.1,50.118,423,131,11,1,360,1,406,2.43e-121,368,62.65
Vcard_DToL16441-RA,XP_046973655.1,90.640,203,4,1,1,188,1,203,1.61e-120,367,91.63
Vcard_DToL16441-RA,XP_046973655.1,100.000,156,0,0,228,383,315,470,9.62e-107,332,100.00
Vcard_DToL16441-RA,XP_048484333.1,46.341,451,168,9,1,381,1,447,3.46e-120,366,60.09
Vcard_DToL16441-RA,XP_050356158.1,93.617,188,12,0,1,188,1,188,6.34e-119,363,96.81
Vcard_DToL16441-RA,XP_050356158.1,96.154,156,6,0,228,383,300,455,2.43e-102,320,98.08
Vcard_DToL16441-RA,XP_045455912.1,86.170,188,26,0,1,188,1,188,3.32e-111,343,94.68
Vcard_DToL16441-RA,XP_045455912.1,92.308,156,12,0,228,383,300,455,4.20e-100,315,97.44
Vcard_DToL16441-RA,XP_023947226.1,85.638,188,27,0,1,188,1,188,1.40e-109,339,93.09
Vcard_DToL16441-RA,XP_023947226.1,87.179,156,20,0,228,383,300,455,3.48e-96,305,96.79
Vcard_DToL16441-RA,CAH0717874.1,84.574,188,29,0,1,188,1,188,1.11e-108,340,93.09
Vcard_DToL16441-RA,CAH0717874.1,80.263,152,30,0,228,379,300,451,1.02e-75,255,89.47
Vcard_DToL16441-RA,XP_045505367.1,82.979,188,32,0,1,188,1,188,8.00e-108,334,94.15
Vcard_DToL16441-RA,XP_045505367.1,87.179,156,20,0,228,383,300,455,7.99e-97,306,97.44
Vcard_DToL16441-RA,XP_045762142.1,82.979,188,32,0,1,188,1,188,8.98e-107,332,92.55
Vcard_DToL16441-RA,XP_045762142.1,90.385,156,15,0,228,383,300,455,1.89e-98,310,97.44
Vcard_DToL16441-RA,XP_034825990.1,84.043,188,30,0,1,188,1,188,2.43e-106,331,90.96
Vcard_DToL16441-RA,XP_034825990.1,89.744,156,16,0,228,383,300,455,1.67e-97,308,96.79
Vcard_DToL16441-RA,XP_045524825.1,80.319,188,37,0,1,188,1,188,1.42e-105,329,92.55
Vcard_DToL16441-RA,XP_045524825.1,86.538,156,21,0,228,383,300,455,1.01e-94,301,95.51
Vcard_DToL16441-RA,XP_045488664.1,80.319,188,37,0,1,188,1,188,1.62e-105,328,92.55
Vcard_DToL16441-RA,XP_045488664.1,87.179,156,20,0,228,383,300,455,1.22e-94,301,94.23
Vcard_DToL16441-RA,XP_047520304.1,80.319,188,37,0,1,188,1,188,2.15e-105,328,92.55
Vcard_DToL16441-RA,XP_047520304.1,89.103,156,17,0,228,383,300,455,5.47e-97,306,96.15
Vcard_DToL16441-RA,CAH0403026.1,83.511,188,31,0,1,188,1,188,7.68e-105,327,92.02
Vcard_DToL16441-RA,CAH0403026.1,77.358,159,34,1,225,383,296,452,1.74e-82,269,89.94
Vcard_DToL16441-RA,RVE51661.1,82.979,188,32,0,1,188,1,188,1.01e-104,327,92.55
Vcard_DToL16441-RA,RVE51661.1,77.358,159,34,1,225,383,296,452,2.53e-82,269,89.94
Vcard_DToL16441-RA,CAF4874702.1,79.787,188,38,0,1,188,1,188,1.49e-104,326,92.55
Vcard_DToL16441-RA,CAF4874702.1,89.103,156,17,0,228,383,300,455,9.00e-97,306,96.15
Vcard_DToL16441-RA,CAB3229726.1,82.447,188,33,0,1,188,1,188,1.74e-104,326,91.49
Vcard_DToL16441-RA,CAB3229726.1,79.874,159,31,1,225,383,297,454,1.16e-88,285,93.08
Vcard_DToL16441-RA,CAB3249751.1,81.915,188,34,0,1,188,1,188,7.44e-104,324,91.49
Vcard_DToL16441-RA,CAB3249751.1,80.503,159,30,1,225,383,297,454,5.12e-89,286,93.08
Vcard_DToL16441-RA,CAG9792736.1,80.851,188,36,0,1,188,1,188,2.14e-103,323,92.55
Vcard_DToL16441-RA,CAG9792736.1,81.290,155,29,0,227,381,299,453,1.59e-88,285,92.90
Vcard_DToL16441-RA,PZC71933.1,79.787,188,38,0,1,188,1,188,4.67e-103,319,92.55
Vcard_DToL16441-RA,PZC71933.1,83.607,61,10,0,225,285,297,357,2.16e-25,117,91.80
Vcard_DToL16441-RA,XP_026728192.1,80.319,188,37,0,1,188,1,188,2.16e-102,320,92.55
Vcard_DToL16441-RA,XP_026728192.1,85.535,159,23,0,225,383,297,455,1.53e-94,300,95.60
Vcard_DToL16441-RA,XP_050671509.1,78.723,188,40,0,1,188,1,188,7.74e-102,319,90.96
Vcard_DToL16441-RA,XP_050671509.1,89.744,156,16,0,228,383,300,455,3.33e-97,307,96.79
Vcard_DToL16441-RA,CAG9570713.1,80.319,188,37,0,1,188,1,188,7.76e-102,318,88.83
Vcard_DToL16441-RA,CAG9570713.1,88.806,134,15,0,228,361,300,433,1.56e-78,259,97.01
Vcard_DToL16441-RA,CAH0596961.1,80.319,188,37,0,1,188,1,188,1.28e-101,319,90.96
Vcard_DToL16441-RA,CAH0596961.1,84.444,135,21,0,227,361,299,433,1.76e-75,252,94.81
Vcard_DToL16441-RA,CAH0596960.1,80.319,188,37,0,1,188,1,188,1.42e-101,318,90.96
Vcard_DToL16441-RA,CAH0596960.1,82.390,159,28,0,225,383,297,455,1.47e-92,295,94.34
Vcard_DToL16441-RA,XP_049701745.1,79.255,188,39,0,1,188,1,188,3.09e-101,318,92.55
Vcard_DToL16441-RA,XP_049701745.1,85.535,159,23,0,225,383,297,455,5.19e-95,301,94.34
Vcard_DToL16441-RA,XP_032523731.1,80.319,188,37,0,1,188,1,188,1.09e-100,316,88.83
Vcard_DToL16441-RA,XP_032523731.1,88.462,156,18,0,228,383,300,455,1.80e-96,305,97.44
Vcard_DToL16441-RA,XP_047035336.1,79.255,188,39,0,1,188,1,188,1.47e-100,316,92.02
Vcard_DToL16441-RA,XP_047035336.1,86.164,159,22,0,225,383,297,455,2.09e-95,303,94.34
Vcard_DToL16441-RA,XP_035452063.2,81.622,185,34,0,4,188,5,189,7.36e-100,314,89.73
Vcard_DToL16441-RA,XP_035452063.2,87.421,159,20,0,225,383,298,456,8.88e-97,306,94.97
Vcard_DToL16441-RA,XP_026750576.1,77.128,188,43,0,1,188,1,188,9.77e-100,314,92.55
Vcard_DToL16441-RA,XP_026750576.1,82.051,156,28,0,228,383,300,455,2.01e-91,292,95.51
Vcard_DToL16441-RA,XP_021207310.2,78.191,188,41,0,1,188,1,188,1.97e-99,313,90.96
Vcard_DToL16441-RA,XP_021207310.2,79.245,159,33,0,225,383,297,455,2.20e-89,287,91.82
Vcard_DToL16441-RA,XP_022818239.1,82.162,185,33,0,4,188,5,189,4.16e-99,312,89.19
Vcard_DToL16441-RA,XP_022818239.1,86.164,159,22,0,225,383,298,456,3.58e-96,305,94.97
Vcard_DToL16441-RA,XP_030035210.2,79.255,188,39,0,1,188,1,188,4.24e-99,312,90.96
Vcard_DToL16441-RA,XP_030035210.2,80.124,161,30,1,225,383,297,457,1.29e-89,288,91.93
Vcard_DToL16441-RA,CAB3511000.1,82.162,185,33,0,4,188,5,189,4.53e-99,312,89.19
Vcard_DToL16441-RA,CAB3511000.1,86.792,159,21,0,225,383,298,456,1.66e-96,305,94.97
Vcard_DToL16441-RA,KAG6461714.1,79.255,188,39,0,1,188,1,188,5.86e-99,312,90.96
Vcard_DToL16441-RA,KAG6461714.1,80.745,161,29,1,225,383,297,457,5.43e-90,289,91.93
Vcard_DToL16441-RA,XP_038218288.1,81.915,188,34,0,1,188,1,188,9.79e-99,311,94.68
Vcard_DToL16441-RA,XP_038218288.1,87.179,156,20,0,228,383,300,455,3.55e-95,302,96.15
Vcard_DToL16441-RA,CAH0696250.1,81.081,185,35,0,4,188,5,189,1.54e-98,311,89.19
Vcard_DToL16441-RA,CAH0696250.1,87.421,159,20,0,225,383,298,456,2.32e-95,303,94.34
Vcard_DToL16441-RA,XP_050671510.1,89.744,156,16,0,228,383,193,348,1.62e-98,307,96.79
Vcard_DToL16441-RA,XP_050671510.1,79.012,81,17,0,108,188,1,81,2.81e-33,138,88.89
Vcard_DToL16441-RA,KAF9423364.1,80.000,185,37,0,4,188,5,189,2.40e-97,308,88.11
Vcard_DToL16441-RA,KAF9423364.1,87.421,159,20,0,225,383,298,456,6.28e-96,304,94.97
Vcard_DToL16441-RA,KAF9787699.1,87.421,159,20,0,225,383,269,427,5.97e-97,306,94.97
Vcard_DToL16441-RA,KAF9787699.1,69.730,185,27,2,4,188,5,160,5.63e-76,252,77.84
Vcard_DToL16441-RA,XP_014368297.2,53.821,301,120,6,4,294,3,294,8.23e-97,306,71.43
Vcard_DToL16441-RA,XP_014368297.2,74.522,157,40,0,225,381,296,452,1.31e-79,262,89.17
Vcard_DToL16441-RA,KAG8115136.1,86.792,159,21,0,225,383,277,435,1.87e-96,305,94.97
Vcard_DToL16441-RA,KAG8115136.1,72.973,185,29,2,4,188,5,168,2.71e-82,268,81.62
Vcard_DToL16441-RA,XP_026332713.1,77.128,188,43,0,1,188,1,188,2.79e-96,305,88.30
Vcard_DToL16441-RA,XP_026332713.1,82.051,156,27,1,227,381,299,454,2.03e-87,282,92.31
Vcard_DToL16441-RA,CAH2057261.1,53.667,300,108,5,93,361,1,300,4.72e-96,299,66.33
Vcard_DToL16441-RA,XP_028162273.1,74.468,188,48,0,1,188,1,188,7.78e-96,298,88.83
Vcard_DToL16441-RA,XP_013145757.1,77.049,183,42,0,6,188,5,187,8.88e-96,303,89.62
Vcard_DToL16441-RA,XP_013145757.1,75.159,157,39,0,225,381,296,452,4.55e-81,266,90.45
Vcard_DToL16441-RA,XP_013181675.1,53.156,301,122,6,4,294,3,294,2.53e-95,302,71.10
Vcard_DToL16441-RA,XP_013181675.1,74.522,157,40,0,225,381,296,452,2.18e-80,264,89.81
Vcard_DToL16441-RA,KPJ04171.1,60.317,252,86,4,4,249,3,246,1.64e-94,300,76.59
Vcard_DToL16441-RA,KPJ04171.1,75.325,154,38,0,228,381,291,444,1.32e-79,262,90.26
Vcard_DToL16441-RA,XP_049880056.1,76.596,188,44,0,1,188,1,188,1.14e-92,296,87.23
Vcard_DToL16441-RA,XP_049880056.1,83.019,159,27,0,225,383,297,455,9.65e-92,293,93.08
Vcard_DToL16441-RA,XP_041974306.1,83.974,156,25,0,228,383,299,454,2.16e-92,295,96.79
Vcard_DToL16441-RA,XP_041974306.1,73.936,188,48,1,1,188,1,187,1.44e-91,293,86.70
Vcard_DToL16441-RA,KAI8432801.1,77.660,188,42,0,1,188,1,188,6.61e-92,293,91.49
Vcard_DToL16441-RA,KAI8432801.1,77.778,135,30,0,227,361,299,433,2.24e-72,243,91.85
Vcard_DToL16441-RA,KAJ0171510.1,83.735,166,27,0,23,188,1,166,1.14e-90,290,91.57
Vcard_DToL16441-RA,KAJ0171510.1,79.245,159,32,1,225,383,275,432,9.73e-89,285,93.71
Vcard_DToL16441-RA,KAG6461715.1,80.745,161,29,1,225,383,241,401,1.22e-90,289,91.93
Vcard_DToL16441-RA,KAG6461715.1,80.303,132,26,0,57,188,1,132,8.17e-66,225,90.91
Vcard_DToL16441-RA,XP_037874104.1,79.245,159,33,0,225,383,241,399,7.48e-90,286,91.82
Vcard_DToL16441-RA,XP_037874104.1,76.515,132,31,0,57,188,1,132,1.74e-63,219,90.15
Vcard_DToL16441-RA,XP_013191818.1,83.439,157,26,0,225,381,295,451,1.67e-89,287,91.08
Vcard_DToL16441-RA,XP_013191818.1,74.468,188,46,1,1,188,1,186,2.34e-83,271,87.77
Vcard_DToL16441-RA,XP_048005450.1,76.064,188,45,0,1,188,1,188,6.22e-89,286,90.43
Vcard_DToL16441-RA,XP_048005450.1,78.981,157,32,1,227,383,299,454,1.94e-84,275,91.08
Vcard_DToL16441-RA,KPJ07712.1,53.546,282,112,6,23,294,1,273,3.05e-87,281,69.86
Vcard_DToL16441-RA,KPJ07712.1,73.885,157,41,0,225,381,275,431,3.60e-79,260,89.81
Vcard_DToL16441-RA,KOB52242.1,71.277,188,32,1,1,188,1,166,6.17e-85,268,80.32
Vcard_DToL16441-RA,GBP44080.1,42.233,412,170,11,1,361,1,395,1.48e-84,273,56.07
Vcard_DToL16441-RA,XP_026746197.1,88.235,136,16,0,248,383,1,136,1.52e-83,261,95.59
Vcard_DToL16441-RA,XP_028156213.1,80.272,147,28,1,236,381,1,147,2.95e-81,256,91.16
Vcard_DToL16441-RA,XP_044735852.1,35.308,439,198,9,14,375,9,438,5.97e-77,255,50.80
Vcard_DToL16441-RA,CAG5055031.1,64.968,157,55,0,225,381,263,419,1.25e-67,230,79.62
Vcard_DToL16441-RA,CAG5055031.1,59.043,188,38,2,1,188,1,149,1.03e-59,209,69.68
Vcard_DToL16441-RA,KAF2883540.1,34.101,434,202,10,9,375,3,419,1.55e-65,224,51.38
Vcard_DToL16441-RA,CAH0550648.1,33.643,431,206,9,9,375,25,439,2.26e-65,225,51.28
Vcard_DToL16441-RA,KAG4070859.1,33.257,436,206,9,15,375,11,436,3.77e-65,224,50.23
Vcard_DToL16441-RA,XP_018570966.1,32.791,430,210,7,9,375,3,416,4.04e-65,223,51.16
Vcard_DToL16441-RA,XP_037031125.1,33.638,437,203,10,15,375,11,436,6.57e-64,221,49.89
Vcard_DToL16441-RA,CAH2057259.1,71.111,135,39,0,227,361,207,341,8.85e-64,218,87.41
Vcard_DToL16441-RA,CAH2057259.1,69.792,96,29,0,93,188,1,96,1.19e-39,155,87.50
Vcard_DToL16441-RA,CAG9764398.1,31.787,431,214,8,9,375,3,417,1.04e-62,217,50.58
Vcard_DToL16441-RA,XP_008195318.1,32.701,422,206,8,15,377,9,411,1.97e-61,214,50.24
Vcard_DToL16441-RA,VEN52135.1,34.180,433,200,8,9,375,3,416,4.69e-61,213,49.42
Vcard_DToL16441-RA,XP_044265003.1,32.624,423,216,7,9,377,3,410,2.57e-60,211,49.17
Vcard_DToL16441-RA,XP_023561949.1,34.031,382,223,7,6,375,2,366,5.38e-60,209,53.14
Vcard_DToL16441-RA,XP_048518205.1,32.847,411,218,9,14,375,25,426,5.36e-59,208,50.85
Vcard_DToL16441-RA,XP_048518206.1,32.160,426,208,9,14,375,8,416,6.12e-59,207,50.23
Vcard_DToL16441-RA,XP_019768921.2,32.160,426,208,9,14,375,25,433,9.04e-59,207,50.23
Vcard_DToL16441-RA,XP_023019578.1,31.163,430,217,8,9,375,3,416,1.00e-58,207,49.77
Vcard_DToL16441-RA,KAH1000677.1,32.160,426,208,9,14,375,25,433,1.08e-58,207,50.23
Vcard_DToL16441-RA,CAG2210848.1,30.488,410,224,6,15,376,13,409,1.19e-58,207,51.22
Vcard_DToL16441-RA,XP_050296728.1,31.034,435,212,10,9,375,3,417,8.70e-58,204,50.80
Vcard_DToL16441-RA,XP_017771991.1,31.724,435,214,9,9,377,3,420,7.15e-56,199,48.97
Vcard_DToL16441-RA,PZC71932.1,82.407,108,17,1,278,383,12,119,1.29e-55,189,92.59
Vcard_DToL16441-RA,XP_030745100.1,30.626,431,219,8,9,375,3,417,1.77e-55,198,49.88
Vcard_DToL16441-RA,XP_002425494.1,30.913,427,233,8,11,380,10,431,3.77e-55,198,49.65
Vcard_DToL16441-RA,XP_023561954.1,33.155,374,226,8,6,375,2,355,5.69e-55,196,53.48
Vcard_DToL16441-RA,XP_023415840.1,33.924,395,220,10,8,375,4,384,1.39e-54,195,52.66
Vcard_DToL16441-RA,RZC36596.1,31.494,435,213,9,9,377,3,418,1.90e-53,193,48.74
Vcard_DToL16441-RA,XP_036189359.1,32.009,428,223,8,6,375,2,419,2.48e-52,191,48.83
Vcard_DToL16441-RA,KAH0808666.1,33.012,415,195,9,15,364,9,405,3.22e-52,196,49.40
Vcard_DToL08950-RA,XP_046965339.1,100.000,317,0,0,1,317,1,317,0.0,666,100.00
Vcard_DToL08950-RA,XP_047527687.1,91.798,317,24,1,1,317,1,315,0.0,616,96.21
Vcard_DToL08950-RA,XP_026489945.1,91.483,317,25,1,1,317,1,315,0.0,614,95.90
Vcard_DToL08950-RA,XP_050345448.1,79.672,305,60,1,6,310,7,309,0.0,521,90.82
Vcard_DToL08950-RA,CAH2086143.1,65.068,292,101,1,20,310,12,303,1.99e-141,412,78.08
Vcard_DToL08950-RA,CAG5051379.1,59.170,289,113,2,24,312,20,303,3.09e-126,373,75.78
Vcard_DToL08950-RA,XP_039747460.1,56.250,304,132,1,10,313,15,317,2.23e-124,369,72.70
Vcard_DToL08950-RA,CAH2240234.1,56.949,295,126,1,19,313,2,295,8.79e-124,367,74.24
Vcard_DToL08950-RA,XP_045785621.1,55.116,303,133,2,10,310,15,316,7.33e-122,363,73.60
Vcard_DToL08950-RA,XP_037295649.1,54.019,311,128,3,8,309,3,307,6.02e-120,357,70.42
Vcard_DToL08950-RA,AAC33576.1,54.019,311,128,3,8,309,3,307,1.01e-119,357,70.42
Vcard_DToL08950-RA,XP_023934848.1,54.045,309,138,2,1,309,10,314,1.63e-119,357,70.23
Vcard_DToL08950-RA,CAH0721944.1,54.341,311,133,4,1,310,1,303,2.73e-119,355,70.74
Vcard_DToL08950-RA,XP_034840313.1,53.376,311,140,3,2,310,9,316,2.73e-118,353,70.42
Vcard_DToL08950-RA,XP_026724737.1,52.685,298,140,1,12,309,12,308,9.36e-118,352,72.48
Vcard_DToL08950-RA,CAH0604910.1,50.662,302,144,1,8,309,8,304,8.56e-116,347,70.86
Vcard_DToL08950-RA,XP_035458504.2,52.258,310,136,5,4,309,1,302,2.14e-115,346,70.65
Vcard_DToL08950-RA,XP_049867097.1,51.333,300,139,1,10,309,9,301,2.28e-115,345,70.33
Vcard_DToL08950-RA,AKP99431.1,51.961,306,135,3,9,309,4,302,1.21e-114,344,70.26
Vcard_DToL08950-RA,KAG8105748.1,51.613,310,140,5,4,309,1,304,2.22e-114,343,70.32
Vcard_DToL08950-RA,CAH0701607.1,51.290,310,139,4,4,309,1,302,8.48e-114,342,70.00
Vcard_DToL08950-RA,CAH2073357.1,51.316,304,140,4,8,310,4,300,1.42e-113,341,69.74
Vcard_DToL08950-RA,XP_049867096.1,53.974,302,133,2,8,309,10,305,2.66e-113,340,70.20
Vcard_DToL08950-RA,XP_032513847.1,52.721,294,126,2,24,312,21,306,3.05e-113,340,71.77
Vcard_DToL08950-RA,QWY13105.1,51.316,304,140,3,10,309,6,305,3.23e-112,338,69.74
Vcard_DToL08950-RA,AFC35299.1,50.809,309,149,2,1,309,1,306,6.86e-111,334,67.96
Vcard_DToL08950-RA,KAJ0180723.1,52.961,304,136,3,7,310,8,304,1.01e-110,334,70.72
Vcard_DToL08950-RA,XP_022819861.1,51.877,293,128,3,20,309,20,302,3.92e-110,332,69.97
Vcard_DToL08950-RA,KAF9814602.1,51.118,313,135,6,4,309,1,302,5.04e-110,332,69.01
Vcard_DToL08950-RA,CAB3228734.1,52.721,294,130,3,24,311,26,316,5.94e-110,332,72.11
Vcard_DToL08950-RA,RVE44445.1,51.803,305,139,3,8,309,6,305,8.35e-110,332,69.51
Vcard_DToL08950-RA,XP_028038104.1,53.448,290,133,2,20,309,32,319,1.19e-109,332,70.69
Vcard_DToL08950-RA,CAH0406319.1,51.803,305,139,3,8,309,6,305,2.43e-109,330,69.18
Vcard_DToL08950-RA,CAB3516015.1,50.163,307,136,4,10,309,6,302,2.48e-109,330,68.73
Vcard_DToL08950-RA,CAB3235014.1,52.381,294,131,3,24,311,26,316,3.19e-109,330,71.77
Vcard_DToL08950-RA,XP_028157911.1,51.307,306,143,2,4,309,1,300,7.71e-109,329,66.99
Vcard_DToL08950-RA,NP_001037076.1,53.103,290,134,2,20,309,18,305,1.32e-108,328,70.69
Vcard_DToL08950-RA,XP_021180973.1,53.333,285,127,2,25,309,28,306,3.03e-108,328,71.58
Vcard_DToL08950-RA,XP_047021940.1,52.982,285,128,2,25,309,28,306,3.31e-108,328,71.58
Vcard_DToL08950-RA,CAB3228732.1,52.397,292,133,3,24,311,28,317,2.32e-107,326,70.89
Vcard_DToL08950-RA,AFI47448.1,52.982,285,128,2,25,309,28,306,2.55e-107,325,71.23
Vcard_DToL08950-RA,XP_013194244.1,54.817,301,129,2,8,308,2,295,2.03e-104,326,70.10
Vcard_DToL08950-RA,XP_013194244.1,42.606,284,103,4,27,310,311,534,3.05e-54,196,54.23
Vcard_DToL08950-RA,XP_026757953.1,47.869,305,156,1,4,308,1,302,4.17e-104,317,66.23
Vcard_DToL08950-RA,XP_047988860.1,47.588,311,146,4,9,312,7,307,3.80e-100,307,66.56
Vcard_DToL08950-RA,XP_026757778.1,47.727,308,143,3,11,310,5,302,2.19e-99,305,66.23
Vcard_DToL08950-RA,KAF9412713.1,50.000,290,115,3,20,309,14,273,2.42e-98,301,66.21
Vcard_DToL08950-RA,KAI8434683.1,47.931,290,142,2,24,312,23,304,1.95e-96,297,67.59
Vcard_DToL08950-RA,XP_028157912.1,46.945,311,143,4,8,311,6,301,2.67e-96,297,64.31
Vcard_DToL08950-RA,XP_011552083.3,48.185,303,148,5,8,309,9,303,5.99e-96,296,66.34
Vcard_DToL08950-RA,CAG9114788.1,48.366,306,143,5,12,309,32,330,7.15e-95,295,64.71
Vcard_DToL08950-RA,KOB68445.1,47.727,308,142,4,10,310,301,596,5.53e-94,301,64.61
Vcard_DToL08950-RA,KOB68445.1,48.649,296,123,3,17,312,4,270,6.37e-90,290,61.82
Vcard_DToL08950-RA,KAI5641738.1,46.358,302,159,2,8,309,6,304,2.31e-93,290,62.91
Vcard_DToL08950-RA,KAG7307446.1,47.841,301,148,5,8,307,9,301,3.42e-93,291,66.11
Vcard_DToL08950-RA,CAG9585142.1,52.985,268,115,3,52,312,755,1018,4.19e-92,305,71.64
Vcard_DToL08950-RA,XP_026329567.1,45.246,305,157,4,8,310,8,304,1.19e-91,285,65.25
Vcard_DToL08950-RA,KAJ0180722.1,46.644,298,143,4,20,309,38,327,2.98e-91,285,65.10
Vcard_DToL08950-RA,XP_013180725.1,44.918,305,154,4,8,309,2,295,2.47e-89,279,63.61
Vcard_DToL08950-RA,KPJ05056.1,44.590,305,155,4,8,309,2,295,3.81e-89,279,63.61
Vcard_DToL08950-RA,XP_045542804.1,47.059,289,137,5,25,309,17,293,7.16e-87,273,64.36
Vcard_DToL08950-RA,XP_041977436.1,42.765,311,160,4,7,309,10,310,4.07e-84,266,60.13
Vcard_DToL08950-RA,KAH9635357.1,45.172,290,110,3,20,309,14,254,9.31e-84,263,60.34
Vcard_DToL08950-RA,XP_028157913.1,47.940,267,119,3,52,311,6,259,3.44e-83,262,64.79
Vcard_DToL08950-RA,XP_047988038.1,43.607,305,153,8,10,308,7,298,9.17e-83,263,64.26
Vcard_DToL08950-RA,XP_026329731.1,46.263,281,132,3,30,309,20,282,2.03e-81,259,65.48
Vcard_DToL08950-RA,XP_047988035.1,41.956,317,160,8,10,308,7,317,5.11e-80,256,61.83
Vcard_DToL08950-RA,KPJ19042.1,44.674,291,144,5,25,309,249,528,4.42e-78,258,61.51
Vcard_DToL08950-RA,CAG9783970.1,56.831,183,79,0,127,309,19,201,5.53e-73,234,73.22
Vcard_DToL08950-RA,XP_047988859.1,42.857,259,131,4,9,260,7,255,3.54e-69,228,63.32
Vcard_DToL08950-RA,XP_013145964.1,37.705,305,130,6,8,309,4,251,1.68e-64,214,55.08
Vcard_DToL08950-RA,XP_026329568.1,36.304,303,129,4,8,310,8,246,1.85e-61,206,52.48
Vcard_DToL08950-RA,KAI8434682.1,38.436,307,156,6,3,307,824,1099,3.00e-55,205,53.42
Vcard_DToL08950-RA,KAI8434682.1,39.032,310,155,7,25,307,1405,1707,1.32e-54,203,54.19
Vcard_DToL08950-RA,KAI8434682.1,37.895,285,147,5,25,307,1124,1380,1.29e-49,189,53.33
Vcard_DToL08950-RA,KAI8434682.1,40.210,286,139,8,24,307,2013,2268,1.45e-49,189,54.20
Vcard_DToL08950-RA,KAI8434682.1,37.543,293,153,6,27,317,2303,2567,6.54e-48,184,50.85
Vcard_DToL08950-RA,KAI8434682.1,37.544,285,148,6,25,307,299,555,9.41e-48,184,52.63
Vcard_DToL08950-RA,KAI8434682.1,35.354,297,161,7,13,306,10,278,4.71e-47,182,53.20
Vcard_DToL08950-RA,KAI8434682.1,38.644,295,149,9,16,307,1724,1989,6.38e-45,176,51.86
Vcard_DToL08950-RA,KAI8434682.1,36.140,285,150,7,24,306,579,833,1.44e-44,174,51.58
Vcard_DToL08950-RA,XP_047988862.1,43.350,203,102,3,61,260,41,233,4.37e-52,184,64.04
Vcard_DToL08950-RA,GBP79867.1,32.964,361,172,7,24,317,11,368,6.60e-48,176,48.48
Vcard_DToL08950-RA,AQY54443.1,29.607,331,198,8,4,311,2,320,3.81e-40,154,49.55
Vcard_DToL08950-RA,XP_034830466.1,33.540,322,163,12,7,306,7,299,2.20e-39,151,47.52
Vcard_DToL08950-RA,XP_023936610.1,31.310,313,198,8,8,312,4,307,5.69e-39,150,47.60
Vcard_DToL08950-RA,AAC33577.1,57.658,111,47,0,200,310,1,111,1.79e-38,142,72.07
Vcard_DToL08950-RA,XP_022121564.2,31.046,306,197,6,10,308,5,303,4.91e-38,148,47.71
Vcard_DToL08950-RA,XP_023949387.1,30.380,316,198,9,1,308,1,302,5.66e-38,147,49.68
Vcard_DToL08950-RA,XP_041978384.1,31.068,309,194,8,5,306,1,297,5.83e-38,147,47.90
Vcard_DToL08950-RA,XP_047988861.1,48.872,133,68,0,128,260,72,204,7.88e-38,146,68.42
Vcard_DToL08950-RA,XP_047988861.1,41.071,56,29,1,9,60,7,62,0.047,47.8,60.71
Vcard_DToL08950-RA,XP_045521355.1,31.046,306,194,8,11,306,5,303,9.82e-37,145,48.37
Vcard_DToL08950-RA,CAH3999073.1,31.046,306,194,8,11,306,5,303,1.17e-36,145,48.37
Vcard_DToL08950-RA,AIR95999.1,30.031,323,201,11,5,315,3,312,1.86e-36,144,50.15
Vcard_DToL08950-RA,XP_045521356.1,30.065,306,200,6,10,308,5,303,1.88e-36,144,47.39
Vcard_DToL08950-RA,XP_039754267.1,30.960,323,178,9,5,306,1,299,2.06e-36,144,45.51
Vcard_DToL08950-RA,XP_049867542.1,30.625,320,195,13,8,315,10,314,4.77e-36,143,51.25
Vcard_DToL08950-RA,XP_049867542.1,27.097,155,89,4,169,317,31,167,1.32e-04,55.8,40.65
Vcard_DToL08950-RA,XP_028170786.1,30.031,323,201,11,5,315,3,312,6.23e-36,142,49.54
Vcard_DToL08950-RA,XP_047517594.1,29.836,305,202,6,10,308,5,303,7.50e-36,142,47.54
Vcard_DToL08950-RA,XP_022121567.2,30.065,306,200,6,10,308,5,303,1.27e-35,141,46.08
Vcard_DToL08950-RA,KAI5646937.1,30.189,318,193,11,8,309,4,308,3.10e-35,140,49.06
Vcard_DToL08950-RA,XP_013146398.1,31.804,327,186,12,5,310,4,314,3.68e-35,140,47.71
Vcard_DToL08950-RA,XP_013146398.1,32.121,165,86,7,154,314,23,165,3.61e-07,63.5,45.45
Vcard_DToL08950-RA,CAF4953783.1,29.508,305,202,7,11,308,5,303,4.09e-35,140,48.52
Vcard_DToL08950-RA,XP_046959960.1,29.260,311,205,8,10,312,1,304,5.24e-35,140,47.27
Vcard_DToL08950-RA,CAH0701710.1,28.972,321,201,10,10,315,5,313,6.21e-35,140,47.98
Vcard_DToL08950-RA,XP_039746855.1,29.747,316,197,10,11,313,7,310,1.49e-34,139,48.42
Vcard_DToL08950-RA,KAG8106727.1,29.932,294,186,7,27,310,23,306,1.94e-34,139,47.62
Vcard_DToL08950-RA,XP_050553842.1,29.932,294,186,7,27,310,23,306,1.98e-34,139,47.62
Vcard_DToL08950-RA,XP_047529315.1,29.260,311,205,8,10,312,1,304,2.08e-34,138,46.95
Vcard_DToL08950-RA,XP_039746854.1,29.747,316,197,10,11,313,7,310,2.31e-34,139,48.42
Vcard_DToL17057-RA,XP_046974062.1,100.000,276,0,0,1,276,1,276,0.0,572,100.00
Vcard_DToL17057-RA,XP_046974079.1,97.464,276,7,0,1,276,1,276,0.0,560,99.28
Vcard_DToL17057-RA,XP_046974158.1,91.273,275,24,0,1,275,1,275,0.0,525,95.27
Vcard_DToL17057-RA,XP_047540550.1,89.855,276,28,0,1,276,1,276,0.0,523,95.29
Vcard_DToL17057-RA,XP_047540664.1,90.909,275,25,0,1,275,1,275,0.0,522,94.91
Vcard_DToL17057-RA,XP_026493568.1,90.217,276,27,0,1,276,1,276,0.0,516,93.84
Vcard_DToL17057-RA,XP_026493590.1,89.744,273,28,0,1,273,1,273,0.0,513,94.87
Vcard_DToL17057-RA,XP_050357320.1,88.364,275,32,0,1,275,1,275,0.0,511,94.18
Vcard_DToL17057-RA,XP_045456659.1,84.249,273,43,0,1,273,1,273,4.31e-172,486,91.94
Vcard_DToL17057-RA,XP_045456660.1,84.387,269,42,0,1,269,1,269,1.12e-170,483,93.31
Vcard_DToL17057-RA,XP_045456658.1,81.159,276,52,0,1,276,1,276,1.44e-170,483,92.03
Vcard_DToL17057-RA,XP_045456657.1,81.159,276,52,0,1,276,1,276,8.52e-170,481,91.67
Vcard_DToL17057-RA,XP_045456662.1,82.900,269,46,0,1,269,1,269,7.37e-169,478,92.57
Vcard_DToL17057-RA,XP_045456656.1,82.051,273,49,0,1,273,1,273,4.92e-168,476,91.21
Vcard_DToL17057-RA,CAG9569839.1,82.784,273,47,0,1,273,1,273,2.98e-167,474,91.21
Vcard_DToL17057-RA,CAH2099022.1,82.900,269,46,0,1,269,1,269,1.31e-166,472,91.45
Vcard_DToL17057-RA,XP_032524747.1,80.882,272,52,0,1,272,1,272,4.38e-165,469,91.54
Vcard_DToL17057-RA,CAH2099018.1,82.156,269,48,0,1,269,1,269,6.38e-165,468,91.45
Vcard_DToL17057-RA,CAH2099024.1,80.952,273,52,0,1,273,1,273,6.32e-164,466,90.48
Vcard_DToL17057-RA,CAH0731468.1,79.259,270,56,0,4,273,3,272,6.37e-164,466,92.22
Vcard_DToL17057-RA,CAH2060451.1,79.853,273,55,0,1,273,1,273,3.81e-163,464,89.38
Vcard_DToL17057-RA,CAH2060449.1,78.545,275,59,0,1,275,1,275,9.66e-163,462,89.82
Vcard_DToL17057-RA,XP_045507577.1,79.853,273,55,0,1,273,1,273,6.16e-161,458,87.55
Vcard_DToL17057-RA,XP_013192568.1,77.941,272,60,0,1,272,27,298,3.21e-160,457,90.81
Vcard_DToL17057-RA,CAH2099023.1,79.636,275,54,1,1,273,1,275,5.21e-160,456,88.73
Vcard_DToL17057-RA,XP_034836981.1,79.853,273,55,0,1,273,1,273,7.03e-160,456,89.74
Vcard_DToL17057-RA,XP_038219313.1,78.388,273,59,0,1,273,1,273,2.70e-159,454,87.91
Vcard_DToL17057-RA,XP_045779713.1,78.388,273,59,0,1,273,1,273,1.02e-157,450,89.38
Vcard_DToL17057-RA,XP_013174851.1,77.455,275,62,0,1,275,1,275,1.20e-157,450,86.91
Vcard_DToL17057-RA,XP_041983460.1,76.557,273,64,0,1,273,1,273,4.44e-156,446,87.91
Vcard_DToL17057-RA,XP_026733553.1,76.923,273,63,0,1,273,1,273,5.14e-156,446,89.01
Vcard_DToL17057-RA,KPJ14621.1,77.656,273,61,0,1,273,1,273,5.15e-156,446,86.81
Vcard_DToL17057-RA,XP_013148778.1,76.727,275,64,0,1,275,1,275,6.38e-156,446,86.91
Vcard_DToL17057-RA,CAG9796224.1,75.092,273,68,0,1,273,1,273,7.85e-156,445,88.64
Vcard_DToL17057-RA,XP_028173299.1,75.824,273,66,0,1,273,1,273,8.89e-156,445,89.38
Vcard_DToL17057-RA,RVE39842.1,74.725,273,69,0,1,273,1,273,1.70e-155,444,90.48
Vcard_DToL17057-RA,XP_028173300.1,76.866,268,62,0,1,268,1,268,4.12e-155,443,89.55
Vcard_DToL17057-RA,XP_014359075.2,75.824,273,66,0,1,273,1,273,6.60e-155,443,86.81
Vcard_DToL17057-RA,XP_026733552.1,76.103,272,65,0,1,272,1,272,2.18e-153,439,88.24
Vcard_DToL17057-RA,XP_039761253.1,76.190,273,65,0,1,273,1,273,2.41e-153,439,87.91
Vcard_DToL17057-RA,XP_014359077.2,76.000,275,66,0,1,275,1,275,2.53e-153,439,85.82
Vcard_DToL17057-RA,XP_048000541.1,74.725,273,69,0,1,273,1,273,3.08e-153,439,87.55
Vcard_DToL17057-RA,XP_026752462.1,77.239,268,61,0,1,268,1,268,5.06e-153,438,88.43
Vcard_DToL17057-RA,XP_047516831.1,76.667,270,63,0,1,270,1,270,1.65e-152,437,87.41
Vcard_DToL17057-RA,CAF4924479.1,75.926,270,65,0,1,270,1,270,1.87e-152,437,86.67
Vcard_DToL17057-RA,XP_030033363.1,75.458,273,67,0,1,273,1,273,2.93e-152,436,87.18
Vcard_DToL17057-RA,KAJ0171027.1,74.359,273,70,0,1,273,1,273,3.13e-152,436,87.18
Vcard_DToL17057-RA,XP_026733551.1,75.000,272,68,0,1,272,1,272,7.04e-152,435,87.87
Vcard_DToL17057-RA,CAB3241411.1,74.359,273,70,0,1,273,1,273,8.05e-152,435,87.18
Vcard_DToL17057-RA,XP_023952353.1,73.993,273,71,0,1,273,1,273,1.02e-151,435,87.91
Vcard_DToL17057-RA,CAB3232923.1,74.359,273,70,0,1,273,1,273,1.33e-151,434,87.18
Vcard_DToL17057-RA,KPJ14619.1,74.359,273,70,0,1,273,1,273,2.51e-151,434,85.35
Vcard_DToL17057-RA,XP_014359074.2,73.993,273,71,0,1,273,1,273,5.05e-151,433,85.35
Vcard_DToL17057-RA,CAB3232921.1,73.626,273,72,0,1,273,1,273,2.62e-150,431,87.55
Vcard_DToL17057-RA,XP_050671921.1,75.458,273,67,0,1,273,1,273,2.83e-150,431,84.98
Vcard_DToL17057-RA,XP_045525944.1,75.556,270,66,0,1,270,1,270,2.88e-150,431,86.30
Vcard_DToL17057-RA,XP_023952352.1,73.260,273,73,0,1,273,1,273,8.01e-150,430,87.18
Vcard_DToL17057-RA,CAB3232922.1,72.894,273,74,0,1,273,1,273,3.67e-149,428,86.45
Vcard_DToL17057-RA,XP_021180819.2,74.725,273,69,0,1,273,1,273,6.08e-149,428,86.08
Vcard_DToL17057-RA,XP_028041841.1,75.000,268,67,0,1,268,1,268,6.22e-149,427,86.19
Vcard_DToL17057-RA,XP_022126589.1,74.815,270,68,0,1,270,1,270,1.18e-148,427,86.30
Vcard_DToL17057-RA,XP_035456825.2,73.260,273,73,0,1,273,1,273,1.78e-148,427,84.62
Vcard_DToL17057-RA,PZC84850.1,74.359,273,70,0,1,273,1,273,2.24e-148,426,86.08
Vcard_DToL17057-RA,KAF9807968.1,73.260,273,73,0,1,273,1,273,2.40e-148,426,84.25
Vcard_DToL17057-RA,CAB3241409.1,72.527,273,75,0,1,273,1,273,2.55e-148,426,87.18
Vcard_DToL17057-RA,XP_030033356.1,73.260,273,73,0,1,273,1,273,4.37e-148,426,85.71
Vcard_DToL17057-RA,XP_045486597.1,74.074,270,70,0,1,270,1,270,4.65e-148,426,85.93
Vcard_DToL17057-RA,XP_011550869.2,74.088,274,71,0,1,274,1,274,4.91e-148,426,86.13
Vcard_DToL17057-RA,XP_035456817.2,74.074,270,70,0,4,273,3,272,7.17e-148,425,88.15
Vcard_DToL17057-RA,XP_047038176.1,73.993,273,71,0,1,273,1,273,7.55e-148,425,86.08
Vcard_DToL17057-RA,KAG8116389.1,72.894,273,74,0,1,273,1,273,1.65e-147,424,84.25
Vcard_DToL17057-RA,CAB3241410.1,71.795,273,77,0,1,273,1,273,6.40e-147,423,86.45
Vcard_DToL17057-RA,XP_022834126.1,71.795,273,77,0,1,273,1,273,7.23e-147,422,85.35
Vcard_DToL17057-RA,KAG8116385.1,73.333,270,72,0,4,273,3,272,1.68e-146,422,88.15
Vcard_DToL17057-RA,KAH9637802.1,72.894,273,74,0,1,273,1,273,2.04e-146,421,87.55
Vcard_DToL17057-RA,XP_004926634.1,74.254,268,69,0,1,268,1,268,3.31e-146,421,85.07
Vcard_DToL17057-RA,XP_022834139.1,71.852,270,76,0,4,273,3,272,1.39e-145,419,88.15
Vcard_DToL17057-RA,XP_026331274.1,72.993,274,72,1,4,275,5,278,2.14e-145,419,86.86
Vcard_DToL17057-RA,GBP31076.1,71.691,272,77,0,3,274,2,273,3.64e-144,416,87.50
Vcard_DToL17057-RA,XP_049881914.1,71.324,272,78,0,1,272,1,272,2.53e-143,414,84.19
Vcard_DToL17057-RA,CAF4924470.1,72.015,268,75,0,1,268,1,268,7.85e-143,412,85.07
Vcard_DToL17057-RA,KAI5639030.1,68.327,281,81,1,1,273,1,281,5.73e-142,410,83.27
Vcard_DToL17057-RA,XP_021185231.2,75.373,268,66,0,1,268,1,268,6.87e-142,410,86.94
Vcard_DToL17057-RA,KOB64420.1,70.522,268,79,0,1,268,1,268,8.07e-142,410,86.57
Vcard_DToL17057-RA,KAI5639031.1,67.730,282,83,1,1,274,1,282,8.86e-142,410,82.62
Vcard_DToL17057-RA,KAF9414163.1,69.231,273,84,0,1,273,1,273,1.17e-141,409,85.71
Vcard_DToL17057-RA,XP_047036976.1,75.373,268,66,0,1,268,1,268,1.20e-141,409,86.94
Vcard_DToL17057-RA,PZC81654.1,75.373,268,66,0,1,268,1,268,1.69e-141,409,86.57
Vcard_DToL17057-RA,QDA18180.1,75.000,268,67,0,1,268,1,268,6.21e-141,408,86.57
Vcard_DToL17057-RA,KAH9637793.1,72.527,273,75,0,1,273,1,273,7.30e-141,407,86.08
Vcard_DToL17057-RA,KAG8116384.1,68.864,273,85,0,1,273,1,273,8.65e-140,405,84.98
Vcard_DToL17057-RA,XP_045526898.1,70.522,268,79,0,1,268,7,274,2.82e-139,404,84.33
Vcard_DToL17057-RA,CAH4032794.1,70.522,268,79,0,1,268,1,268,3.65e-139,403,84.33
Vcard_DToL17057-RA,XP_035456826.1,68.864,273,85,0,1,273,1,273,3.71e-139,403,84.62
Vcard_DToL17057-RA,XP_023952360.1,69.231,273,83,1,1,273,1,272,6.94e-139,402,84.62
Vcard_DToL17057-RA,XP_045526876.1,70.149,268,80,0,1,268,1,268,1.52e-138,402,83.96
Vcard_DToL17057-RA,XP_022837118.1,67.399,273,89,0,1,273,1,273,3.95e-138,400,84.62
Vcard_DToL17057-RA,XP_022837058.1,70.182,275,82,0,1,275,1,275,8.65e-138,400,84.73
Vcard_DToL17057-RA,XP_047516877.1,69.403,268,82,0,1,268,1,268,1.31e-137,399,83.96
Vcard_DToL17057-RA,XP_045486595.1,70.149,268,80,0,1,268,1,268,1.72e-137,399,83.96
Vcard_DToL07064-RA,XP_046963263.1,100.000,101,0,0,4,104,90,190,4.35e-69,216,100.00
Vcard_DToL07064-RA,XP_047528709.1,91.089,101,9,0,4,104,90,190,2.34e-63,201,95.05
Vcard_DToL07064-RA,XP_026484273.1,89.109,101,11,0,4,104,98,198,2.91e-62,199,93.07
Vcard_DToL07064-RA,XP_050343542.1,83.168,101,17,0,4,104,90,190,7.50e-59,190,92.08
Vcard_DToL07064-RA,CAH2105806.1,79.208,101,21,0,4,104,90,190,1.33e-55,181,91.09
Vcard_DToL07064-RA,XP_032512859.1,72.277,101,28,0,4,104,84,184,3.11e-48,162,85.15
Vcard_DToL07064-RA,CAH0725282.1,69.000,100,31,0,4,103,74,173,3.79e-45,154,85.00
Vcard_DToL07064-RA,XP_023953529.1,68.000,100,32,0,4,103,90,189,1.53e-44,154,83.00
Vcard_DToL07064-RA,XP_023944699.1,66.000,100,34,0,4,103,90,189,2.19e-43,150,83.00
Vcard_DToL07064-RA,XP_041970860.1,66.327,98,33,0,4,101,85,182,2.33e-43,150,81.63
Vcard_DToL07064-RA,XP_034830031.1,65.347,101,35,0,4,104,92,192,3.41e-42,147,79.21
Vcard_DToL07064-RA,KAJ0178673.1,66.337,101,33,1,4,103,82,182,2.21e-41,145,77.23
Vcard_DToL07064-RA,XP_039750057.1,63.000,100,37,0,4,103,89,188,2.99e-41,145,81.00
Vcard_DToL07064-RA,KPJ03701.1,64.286,98,34,1,4,100,89,186,3.39e-41,145,85.71
Vcard_DToL07064-RA,XP_013170309.1,64.286,98,34,1,4,100,89,186,3.50e-41,145,85.71
Vcard_DToL07064-RA,XP_013138684.1,64.286,98,34,1,4,100,78,175,3.63e-41,144,85.71
Vcard_DToL07064-RA,KAI8424564.1,68.317,101,31,1,4,103,73,173,4.71e-41,144,80.20
Vcard_DToL07064-RA,KAI8424566.1,68.317,101,31,1,4,103,88,188,4.90e-41,145,80.20
Vcard_DToL07064-RA,CAH2209432.1,62.000,100,38,0,4,103,89,188,1.12e-40,144,81.00
Vcard_DToL07064-RA,XP_045494188.1,64.000,100,36,0,4,103,90,189,1.33e-40,143,83.00
Vcard_DToL07064-RA,XP_045765835.1,66.000,100,34,0,4,103,92,191,2.12e-40,149,83.00
Vcard_DToL07064-RA,XP_045765835.1,52.830,106,49,1,4,108,305,410,2.87e-31,125,73.58
Vcard_DToL07064-RA,XP_014370168.2,63.265,98,35,1,4,100,89,186,3.46e-40,142,84.69
Vcard_DToL07064-RA,KPJ06009.1,63.265,98,35,1,4,100,102,199,8.13e-40,142,84.69
Vcard_DToL07064-RA,XP_045484963.1,65.263,95,33,0,4,98,85,179,5.30e-39,139,81.05
Vcard_DToL07064-RA,GBP17413.1,63.366,101,36,1,4,103,28,128,1.82e-38,136,73.27
Vcard_DToL07064-RA,XP_047984142.1,64.000,100,35,1,4,102,87,186,1.99e-38,138,75.00
Vcard_DToL07064-RA,CAH4038255.1,60.204,98,39,0,4,101,85,182,4.12e-38,137,83.67
Vcard_DToL07064-RA,AXS59125.1,63.000,100,36,1,4,102,90,189,4.60e-38,137,75.00
Vcard_DToL07064-RA,GBP17428.1,63.208,106,38,1,4,108,131,236,1.21e-37,137,73.58
Vcard_DToL07064-RA,XP_028027285.1,61.538,104,39,1,4,106,91,194,2.13e-37,135,75.96
Vcard_DToL07064-RA,NP_001037560.1,61.538,104,39,1,4,106,91,194,2.22e-37,135,75.96
Vcard_DToL07064-RA,AHJ11178.1,61.538,104,39,1,4,106,91,194,2.43e-37,135,75.96
Vcard_DToL07064-RA,XP_045518569.1,60.417,96,38,0,4,99,85,180,3.34e-37,134,83.33
Vcard_DToL07064-RA,KAG6458857.1,57.143,105,44,1,4,107,62,166,4.34e-37,134,77.14
Vcard_DToL07064-RA,XP_026322322.1,59.000,100,40,1,4,102,61,160,5.99e-37,133,78.00
Vcard_DToL07064-RA,XP_022825627.1,61.000,100,38,1,4,102,75,174,6.13e-37,134,75.00
Vcard_DToL07064-RA,XP_022825626.1,61.000,100,38,1,4,102,88,187,6.41e-37,134,75.00
Vcard_DToL07064-RA,XP_030032669.1,57.143,105,44,1,4,107,87,191,1.02e-36,134,77.14
Vcard_DToL07064-RA,XP_050562582.1,61.000,100,38,1,4,102,87,186,1.05e-36,134,75.00
Vcard_DToL07064-RA,KAF9800134.1,61.000,100,38,1,4,102,88,187,1.30e-36,133,75.00
Vcard_DToL07064-RA,KAG8118640.1,60.000,100,39,1,4,102,87,186,2.89e-36,132,75.00
Vcard_DToL07064-RA,XP_013190227.1,61.386,101,38,1,4,103,87,187,3.35e-36,132,78.22
Vcard_DToL07064-RA,XP_028160373.1,57.576,99,41,1,4,101,83,181,3.92e-36,132,79.80
Vcard_DToL07064-RA,XP_047510341.1,61.053,95,37,0,4,98,85,179,4.36e-36,132,77.89
Vcard_DToL07064-RA,KAH9636322.1,58.000,100,41,1,4,102,88,187,9.95e-36,131,75.00
Vcard_DToL07064-RA,CAF4765934.1,61.538,91,35,0,8,98,93,183,1.18e-35,131,81.32
Vcard_DToL07064-RA,CAB3517326.1,59.000,100,40,1,4,102,88,187,1.22e-35,131,75.00
Vcard_DToL07064-RA,KPJ06011.1,61.856,97,36,1,4,99,80,176,2.33e-35,130,77.32
Vcard_DToL07064-RA,ADU33184.1,60.606,99,38,1,4,101,86,184,5.75e-35,129,76.77
Vcard_DToL07064-RA,CAH0703007.1,57.000,100,42,1,4,102,88,187,6.54e-35,129,74.00
Vcard_DToL07064-RA,XP_045534908.1,61.856,97,36,1,4,99,93,189,6.68e-35,129,77.32
Vcard_DToL07064-RA,XP_028160374.1,60.606,99,38,1,4,101,86,184,1.20e-34,128,76.77
Vcard_DToL07064-RA,KAF9407577.1,56.000,100,43,1,4,102,88,187,3.81e-34,127,74.00
Vcard_DToL07064-RA,XP_013170298.1,59.794,97,38,1,4,99,72,168,7.79e-34,125,75.26
Vcard_DToL07064-RA,PZC75970.1,54.286,105,47,1,4,107,88,192,8.52e-34,126,73.33
Vcard_DToL07064-RA,XP_047022420.1,54.286,105,47,1,4,107,88,192,8.70e-34,126,73.33
Vcard_DToL07064-RA,XP_021192952.2,54.286,105,47,1,4,107,88,192,9.49e-34,126,73.33
Vcard_DToL07064-RA,CAH0725281.1,55.882,102,44,1,4,104,88,189,4.03e-33,124,73.53
Vcard_DToL07064-RA,CAG9559569.1,56.436,101,43,1,4,103,71,171,4.05e-33,124,75.25
Vcard_DToL07064-RA,XP_013138833.1,59.794,97,38,1,4,99,93,189,5.90e-33,124,76.29
Vcard_DToL07064-RA,CAB3257846.1,51.923,104,49,1,4,106,87,190,8.96e-33,124,74.04
Vcard_DToL07064-RA,VVC99323.1,56.701,97,42,0,4,100,72,168,1.14e-32,122,75.26
Vcard_DToL07064-RA,XP_050667709.1,56.701,97,42,0,4,100,92,188,1.41e-32,123,75.26
Vcard_DToL07064-RA,XP_026737218.1,51.923,104,49,1,4,106,88,191,2.20e-32,122,71.15
Vcard_DToL07064-RA,OWR50928.1,56.436,101,43,1,4,103,74,174,2.54e-32,122,74.26
Vcard_DToL07064-RA,XP_032513089.1,56.436,101,43,1,4,103,85,185,5.21e-32,122,74.26
Vcard_DToL07064-RA,XP_028170284.1,54.902,102,45,1,4,104,23,124,5.37e-32,119,68.63
Vcard_DToL07064-RA,CAH0605755.1,51.923,104,49,1,4,106,88,191,1.30e-31,120,71.15
Vcard_DToL07064-RA,XP_046963266.1,54.455,101,45,1,4,103,88,188,1.35e-31,120,73.27
Vcard_DToL07064-RA,CAG9135836.1,52.381,105,49,1,4,107,71,175,1.99e-31,120,71.43
Vcard_DToL07064-RA,CAG9794952.1,53.465,101,46,1,4,103,90,190,2.06e-31,120,70.30
Vcard_DToL07064-RA,XP_034829853.1,53.465,101,46,1,4,103,87,187,2.40e-31,120,73.27
Vcard_DToL07064-RA,KAG7307908.1,52.381,105,49,1,4,107,89,193,3.35e-31,120,71.43
Vcard_DToL07064-RA,XP_018329558.1,58.763,97,39,1,4,99,91,187,3.91e-31,119,70.10
Vcard_DToL07064-RA,KPJ06010.1,56.436,101,43,1,4,103,82,182,4.96e-31,119,69.31
Vcard_DToL07064-RA,URS64322.1,55.446,101,44,1,4,103,88,188,5.13e-31,119,69.31
Vcard_DToL07064-RA,XP_028160362.1,55.446,101,44,1,4,103,88,188,5.84e-31,119,69.31
Vcard_DToL07064-RA,RVE42441.1,53.465,101,46,1,4,103,109,209,6.51e-31,119,69.31
Vcard_DToL07064-RA,KAJ0178672.1,52.475,101,47,1,4,103,87,187,6.62e-31,119,70.30
Vcard_DToL07064-RA,CAH0407522.1,53.465,101,46,1,4,103,109,209,7.74e-31,119,69.31
Vcard_DToL07064-RA,XP_014370321.2,56.436,101,43,1,4,103,92,192,9.50e-31,119,69.31
Vcard_DToL07064-RA,BAM19609.1,56.436,101,43,1,4,103,75,175,1.20e-30,118,69.31
Vcard_DToL07064-RA,XP_039750056.1,51.485,101,48,1,4,103,87,187,1.30e-30,118,74.26
Vcard_DToL07064-RA,CAH2209431.1,51.485,101,48,1,4,103,87,187,1.41e-30,118,74.26
Vcard_DToL07064-RA,XP_026484256.1,53.465,101,46,1,4,103,13,113,1.58e-30,115,71.29
Vcard_DToL07064-RA,XP_018566157.1,55.102,98,43,1,4,100,94,191,1.85e-30,118,75.51
Vcard_DToL07064-RA,CAH2105807.1,55.446,101,44,1,4,103,202,302,2.09e-30,120,71.29
Vcard_DToL07064-RA,CAH2105807.1,56.962,79,33,1,4,81,87,165,1.42e-21,97.8,75.95
Vcard_DToL07064-RA,ABZ81267.1,54.455,101,45,1,4,103,88,188,2.29e-30,117,69.31
Vcard_DToL07064-RA,XP_013170473.1,56.436,101,43,1,4,103,90,190,2.37e-30,117,69.31
Vcard_DToL07064-RA,KOB63145.1,54.000,100,45,1,4,102,38,137,2.73e-30,116,71.00
Vcard_DToL07064-RA,PZC75969.1,51.961,102,48,1,4,104,87,188,3.37e-30,117,68.63
Vcard_DToL07064-RA,XP_047022683.1,51.961,102,48,1,4,104,87,188,3.41e-30,117,68.63
Vcard_DToL07064-RA,XP_021192951.2,51.961,102,48,1,4,104,87,188,3.56e-30,117,68.63
Vcard_DToL07064-RA,XP_049870252.1,51.961,102,48,1,4,104,87,188,3.56e-30,117,69.61
Vcard_DToL07064-RA,XP_022130726.2,50.495,101,49,1,4,103,99,199,3.60e-30,117,71.29
Vcard_DToL07064-RA,XP_037965413.2,51.429,105,50,1,4,107,89,193,3.65e-30,117,70.48
Vcard_DToL07064-RA,XP_013138789.1,55.446,101,44,1,4,103,90,190,3.98e-30,117,67.33
Vcard_DToL07064-RA,AHK59818.1,51.961,102,48,1,4,104,87,188,4.93e-30,117,68.63
Vcard_DToL07064-RA,KAF9407579.1,53.465,101,46,1,4,103,87,187,5.80e-30,116,70.30
Vcard_DToL07064-RA,XP_045446830.1,53.465,101,46,1,4,103,87,187,6.13e-30,116,70.30
Vcard_DToL07084-RA,XP_046963357.1,89.171,868,17,5,1,801,1,858,0.0,1557,89.40
Vcard_DToL07084-RA,XP_047528844.1,83.986,868,62,6,1,801,1,858,0.0,1469,86.87
Vcard_DToL07084-RA,XP_026484251.1,82.143,868,78,6,1,801,1,858,0.0,1415,85.48
Vcard_DToL07084-RA,XP_050343246.1,81.797,868,80,7,1,801,1,857,0.0,1414,85.60
Vcard_DToL07084-RA,CAH2105831.1,76.180,869,128,8,1,801,1,858,0.0,1331,82.39
Vcard_DToL07084-RA,XP_045446705.1,75.085,883,126,9,1,801,1,871,0.0,1319,81.54
Vcard_DToL07084-RA,CAH0725267.1,73.188,869,154,8,1,801,1,858,0.0,1251,81.36
Vcard_DToL07084-RA,XP_045766028.1,71.494,870,166,10,1,800,1,858,0.0,1248,79.89
Vcard_DToL07084-RA,CAH0725268.1,72.842,869,152,9,1,801,1,853,0.0,1243,81.01
Vcard_DToL07084-RA,XP_039750000.1,70.953,871,171,10,1,801,1,859,0.0,1241,80.14
Vcard_DToL07084-RA,XP_034830026.1,70.953,871,171,10,1,801,1,859,0.0,1237,79.56
Vcard_DToL07084-RA,XP_034830026.1,58.025,81,31,2,724,801,947,1027,3.27e-16,96.7,77.78
Vcard_DToL07084-RA,XP_023944700.1,71.871,871,161,10,1,801,1,857,0.0,1233,80.37
Vcard_DToL07084-RA,XP_050343247.1,85.896,709,59,4,1,674,1,703,0.0,1230,89.56
Vcard_DToL07084-RA,XP_050343245.1,85.896,709,59,4,1,674,1,703,0.0,1229,89.56
Vcard_DToL07084-RA,CAG9559581.1,69.160,869,180,11,1,799,1,851,0.0,1202,78.14
Vcard_DToL07084-RA,XP_038223073.1,67.586,870,200,9,1,801,1,857,0.0,1187,77.93
Vcard_DToL07084-RA,XP_032512919.1,68.700,869,184,11,1,799,1,851,0.0,1185,77.45
Vcard_DToL07084-RA,XP_047528845.1,83.668,698,60,5,148,801,1,688,0.0,1181,86.96
Vcard_DToL07084-RA,CAH2070976.1,67.049,871,205,7,1,801,1,859,0.0,1173,77.96
Vcard_DToL07084-RA,